START_DATE,END_DATE,CATEGORY,START,Latitude,Longitude,STOP,Latitude,Longitude,MILES,PURPOSE,SALARY
1/2/16 20:25,1/2/16 20:38,Business,Fort Pierce,27.4467056,-80.3256056,Fort Pierce,27.4467056,-80.3256056,4.8,Errand/Supplies,$10.32 
1/5/16 17:31,1/5/16 17:45,Business,Fort Pierce,27.4467056,-80.3256056,Fort Pierce,27.4467056,-80.3256056,4.7,Meeting,$10.11 
1/6/16 14:42,1/6/16 15:49,Business,Fort Pierce,27.4467056,-80.3256056,West Palm Beach,26.7153424,-80.0533746,63.7,Customer Visit,$136.96 
1/6/16 17:15,1/6/16 17:19,Business,West Palm Beach,26.7153424,-80.0533746,West Palm Beach,26.7153424,-80.0533746,4.3,Meal/Entertain,$9.25 
1/6/16 17:30,1/6/16 17:35,Business,West Palm Beach,26.7153424,-80.0533746,Palm Beach,26.7056206,-80.0364297,7.1,Meeting,$15.27 
1/7/16 13:27,1/7/16 13:33,Business,Cary,35.79154,-78.7811169,Cary,35.79154,-78.7811169,0.8,Meeting,$1.72 
1/10/16 8:05,1/10/16 8:25,Business,Cary,35.79154,-78.7811169,Morrisville,42.8986791,-75.6401825,8.3,Meeting,$17.85 
1/10/16 12:17,1/10/16 12:44,Business,Jamaica,18.109581,-77.297508,New York,40.7127753,-74.0059728,16.5,Customer Visit,$35.48 
1/10/16 15:08,1/10/16 15:51,Business,New York,40.7127753,-74.0059728,Queens,40.7282239,-73.7948516,10.8,Meeting,$23.22 
1/10/16 18:18,1/10/16 18:53,Business,Elmhurst,41.8994744,-87.9403418,New York,40.7127753,-74.0059728,7.5,Meeting,$16.13 
1/10/16 19:12,1/10/16 19:32,Business,Midtown,27.9531045,-82.5033163,East Harlem,40.7957399,-73.9389213,6.2,Meeting,$13.33 
1/11/16 8:55,1/11/16 9:21,Business,East Harlem,40.7957399,-73.9389213,NoMad,,,6.4,Temporary Site,$13.76 
1/11/16 11:56,1/11/16 12:03,Business,Flatiron District,40.740083,-73.9903489,Midtown,27.9531045,-82.5033163,1.6,Errand/Supplies,$3.44 
1/11/16 13:32,1/11/16 13:46,Business,Midtown,27.9531045,-82.5033163,Midtown East,40.7571432,-73.9718815,1.7,Meal/Entertain,$3.66 
1/11/16 14:30,1/11/16 14:43,Business,Midtown East,40.7571432,-73.9718815,Midtown,27.9531045,-82.5033163,1.9,Meal/Entertain,$4.09 
1/12/16 12:33,1/12/16 12:49,Business,Midtown,27.9531045,-82.5033163,Hudson Square,40.7266108,-74.0074328,1.9,Meal/Entertain,$4.09 
1/12/16 12:53,1/12/16 13:09,Business,Hudson Square,40.7266108,-74.0074328,Lower Manhattan,40.7208595,-74.0006686,4,Meal/Entertain,$8.60 
1/12/16 14:42,1/12/16 14:56,Business,Lower Manhattan,40.7208595,-74.0006686,Hudson Square,40.7266108,-74.0074328,1.8,Errand/Supplies,$3.87 
1/12/16 15:13,1/12/16 15:28,Business,Hudson Square,40.7266108,-74.0074328,Hell's Kitchen,40.7637581,-73.9918181,2.4,Customer Visit,$5.16 
1/12/16 15:42,1/12/16 15:54,Business,Hell's Kitchen,40.7637581,-73.9918181,Midtown,27.9531045,-82.5033163,2,Errand/Supplies,$4.30 
1/12/16 16:02,1/12/16 17:00,Business,New York,40.7127753,-74.0059728,Queens County,40.7282239,-73.7948516,15.1,Meeting,$32.47 
1/13/16 13:54,1/13/16 14:07,Business,Downtown,,,Gulfton,29.7164567,-95.4805999,11.2,Meeting,$24.08 
1/13/16 15:00,1/13/16 15:28,Business,Gulfton,29.7164567,-95.4805999,Downtown,,,11.8,Meeting,$25.37 
1/14/16 16:29,1/14/16 17:05,Business,Houston,29.7604267,-95.3698028,Houston,29.7604267,-95.3698028,21.9,Customer Visit,$47.09 
1/14/16 21:39,1/14/16 21:45,Business,Eagan Park,44.8041322,-93.1668858,Jamestown Court,,,3.9,Errand/Supplies,$8.39 
1/15/16 0:41,1/15/16 1:01,Business,Morrisville,42.8986791,-75.6401825,Cary,35.79154,-78.7811169,8,Errand/Supplies,$17.20 
1/15/16 11:43,1/15/16 12:03,Business,Cary,35.79154,-78.7811169,Durham,35.9940329,-78.898619,10.4,Meal/Entertain,$22.36 
1/15/16 13:26,1/15/16 13:44,Business,Durham,35.9940329,-78.898619,Cary,35.79154,-78.7811169,10.4,Meal/Entertain,$22.36 
1/18/16 14:55,1/18/16 15:06,Business,Cary,35.79154,-78.7811169,Cary,35.79154,-78.7811169,4.8,Meal/Entertain,$10.32 
1/18/16 16:13,1/18/16 16:24,Business,Farmington Woods,41.7698391,-72.8907258,Whitebridge,57.204617,-4.507264,4.7,Meal/Entertain,$10.11 
1/19/16 10:55,1/19/16 11:09,Business,Lake Wellingborough,35.7489038,-78.7635603,Whitebridge,57.204617,-4.507264,7.6,Temporary Site,$16.34 
1/20/16 10:36,1/20/16 11:11,Business,Cary,35.79154,-78.7811169,Raleigh,35.7795897,-78.6381787,17.1,Meeting,$36.77 
1/20/16 11:48,1/20/16 12:19,Business,Fayetteville Street,35.7737065,-78.6394508,Umstead,35.8905776,-78.7501817,15.1,Meeting,$32.47 
1/20/16 13:25,1/20/16 14:19,Business,Raleigh,35.7795897,-78.6381787,Cary,35.79154,-78.7811169,40.2,Customer Visit,$86.43 
1/21/16 14:25,1/21/16 14:29,Business,Cary,35.79154,-78.7811169,Cary,35.79154,-78.7811169,1.6,Errand/Supplies,$3.44 
1/21/16 14:43,1/21/16 14:51,Business,Cary,35.79154,-78.7811169,Cary,35.79154,-78.7811169,2.4,Meal/Entertain,$5.16 
1/21/16 16:01,1/21/16 16:06,Business,Cary,35.79154,-78.7811169,Cary,35.79154,-78.7811169,1,Meal/Entertain,$2.15 
1/26/16 10:41,1/26/16 10:50,Business,Whitebridge,57.204617,-4.507264,Hazelwood,-25.7777598,28.2577787,2,Meal/Entertain,$4.30 
1/26/16 12:33,1/26/16 12:41,Business,Hazelwood,-25.7777598,28.2577787,Whitebridge,57.204617,-4.507264,2.3,Errand/Supplies,$4.95 
1/26/16 16:24,1/26/16 16:32,Business,Whitebridge,57.204617,-4.507264,Westpark Place,41.6831878,-83.6269032,1.9,Errand/Supplies,$4.09 
1/26/16 17:17,1/26/16 17:22,Business,Cary,35.79154,-78.7811169,Cary,35.79154,-78.7811169,1.4,Errand/Supplies,$3.01 
1/26/16 17:27,1/26/16 17:29,Business,Cary,35.79154,-78.7811169,Cary,35.79154,-78.7811169,0.5,Errand/Supplies,$1.08 
1/27/16 9:24,1/27/16 9:31,Business,Cary,35.79154,-78.7811169,Cary,35.79154,-78.7811169,1.8,Meeting,$3.87 
1/27/16 10:19,1/27/16 10:48,Business,Cary,35.79154,-78.7811169,Raleigh,35.7795897,-78.6381787,18.7,Customer Visit,$40.21 
1/27/16 12:34,1/27/16 12:44,Business,Fairmont,,,Meredith Townes,35.8224407,-78.6902175,3.4,Customer Visit,$7.31 
1/27/16 14:05,1/27/16 14:13,Business,Raleigh,35.7795897,-78.6381787,Raleigh,35.7795897,-78.6381787,2.7,Customer Visit,$5.81 
1/27/16 14:46,1/27/16 15:08,Business,Raleigh,35.7795897,-78.6381787,Cary,35.79154,-78.7811169,12.9,Customer Visit,$27.74 
1/28/16 12:28,1/28/16 13:00,Business,Cary,35.79154,-78.7811169,Raleigh,35.7795897,-78.6381787,19,Temporary Site,$40.85 
1/28/16 15:11,1/28/16 15:31,Business,Meredith Townes,35.8224407,-78.6902175,Leesville Hollow,35.921576,-78.7568306,14.7,Meeting,$31.61 
1/28/16 16:21,1/28/16 16:51,Business,Raleigh,35.7795897,-78.6381787,Cary,35.79154,-78.7811169,15.7,Meeting,$33.76 
1/29/16 9:31,1/29/16 9:45,Business,Cary,35.79154,-78.7811169,Cary,35.79154,-78.7811169,4.6,Customer Visit,$9.89 
1/29/16 10:56,1/29/16 11:07,Business,Cary,35.79154,-78.7811169,Cary,35.79154,-78.7811169,5.2,Meeting,$11.18 
1/29/16 11:43,1/29/16 12:03,Business,Cary,35.79154,-78.7811169,Durham,35.9940329,-78.898619,10.4,Meeting,$22.36 
1/29/16 13:24,1/29/16 13:47,Business,Durham,35.9940329,-78.898619,Cary,35.79154,-78.7811169,10.1,Meeting,$21.72 
1/29/16 18:31,1/29/16 18:52,Business,Cary,35.79154,-78.7811169,Apex,,,5.8,Errand/Supplies,$12.47 
1/29/16 21:21,1/29/16 21:40,Business,Apex,,,Cary,35.79154,-78.7811169,5.5,Meal/Entertain,$11.83 
1/30/16 16:21,1/30/16 16:33,Business,Cary,35.79154,-78.7811169,Apex,,,5.7,Errand/Supplies,$12.26 
1/30/16 18:09,1/30/16 18:24,Business,Apex,,,Cary,35.79154,-78.7811169,5.7,Customer Visit,$12.26 
2/1/16 10:35,2/1/16 11:15,Business,Cary,35.79154,-78.7811169,Chapel Hill,35.9131996,-79.0558445,19.4,Customer Visit,$41.71 
2/1/16 12:10,2/1/16 12:43,Business,Chapel Hill,35.9131996,-79.0558445,Cary,35.79154,-78.7811169,23.3,Customer Visit,$50.10 
2/1/16 12:56,2/1/16 13:07,Business,Northwoods,,,Whitebridge,57.204617,-4.507264,3.9,Meal/Entertain,$8.39 
2/2/16 13:04,2/2/16 13:23,Business,Whitebridge,57.204617,-4.507264,Williamsburg Manor,35.7650897,-78.7488612,8.3,Meeting,$17.85 
2/2/16 13:51,2/2/16 14:06,Business,Cary,35.79154,-78.7811169,Cary,35.79154,-78.7811169,6,Errand/Supplies,$12.90 
2/2/16 14:38,2/2/16 14:42,Business,Cary,35.79154,-78.7811169,Cary,35.79154,-78.7811169,1.6,Errand/Supplies,$3.44 
2/4/16 8:40,2/4/16 9:01,Business,Cary,35.79154,-78.7811169,Morrisville,42.8986791,-75.6401825,5.2,Errand/Supplies,$11.18 
2/4/16 9:37,2/4/16 10:09,Business,Morrisville,42.8986791,-75.6401825,Cary,35.79154,-78.7811169,9.7,Meal/Entertain,$20.86 
2/4/16 10:26,2/4/16 10:32,Business,Cary,35.79154,-78.7811169,Cary,35.79154,-78.7811169,1.6,Meal/Entertain,$3.44 
2/4/16 15:59,2/4/16 16:03,Business,Cary,35.79154,-78.7811169,Cary,35.79154,-78.7811169,1.1,Meal/Entertain,$2.37 
2/4/16 16:35,2/4/16 16:39,Business,Cary,35.79154,-78.7811169,Cary,35.79154,-78.7811169,1.6,Meal/Entertain,$3.44 
2/4/16 18:04,2/4/16 18:31,Business,Whitebridge,57.204617,-4.507264,Macgregor Downs,35.7468814,-78.7957856,9,Meeting,$19.35 
2/4/16 20:36,2/4/16 20:55,Business,Cary,35.79154,-78.7811169,Cary,35.79154,-78.7811169,7.7,Meeting,$16.56 
2/5/16 11:47,2/5/16 12:07,Business,Cary,35.79154,-78.7811169,Durham,35.9940329,-78.898619,10.4,Meeting,$22.36 
2/5/16 13:22,2/5/16 13:41,Business,Durham,35.9940329,-78.898619,Cary,35.79154,-78.7811169,10.4,Meeting,$22.36 
2/6/16 16:20,2/6/16 16:53,Business,Cary,35.79154,-78.7811169,Raleigh,35.7795897,-78.6381787,11.4,Between Offices,$24.51 
2/6/16 18:57,2/6/16 19:21,Business,Raleigh,35.7795897,-78.6381787,Cary,35.79154,-78.7811169,9,Errand/Supplies,$19.35 
2/6/16 19:28,2/6/16 19:37,Business,Edgehill Farms,35.7834843,-78.8069507,Whitebridge,57.204617,-4.507264,3.2,Meal/Entertain,$6.88 
2/7/16 16:49,2/7/16 17:01,Business,Cary,35.79154,-78.7811169,Apex,,,5.6,Errand/Supplies,$12.04 
2/7/16 18:03,2/7/16 18:17,Business,Apex,,,Cary,35.79154,-78.7811169,5.7,Customer Visit,$12.26 
2/7/16 18:39,2/7/16 18:53,Business,Cary,35.79154,-78.7811169,Morrisville,42.8986791,-75.6401825,6.1,Temporary Site,$13.12 
2/7/16 20:22,2/7/16 20:40,Business,Morrisville,42.8986791,-75.6401825,Cary,35.79154,-78.7811169,6.1,Meeting,$13.12 
2/8/16 12:57,2/8/16 13:08,Business,Whitebridge,57.204617,-4.507264,Edgehill Farms,35.7834843,-78.8069507,4.3,Meal/Entertain,$9.25 
2/8/16 14:00,2/8/16 14:10,Business,Edgehill Farms,35.7834843,-78.8069507,Whitebridge,57.204617,-4.507264,2.7,Meal/Entertain,$5.81 
2/9/16 20:24,2/9/16 20:40,Business,Morrisville,42.8986791,-75.6401825,Cary,35.79154,-78.7811169,6.1,Meal/Entertain,$13.12 
2/11/16 16:28,2/11/16 17:10,Business,Cary,35.79154,-78.7811169,Raleigh,35.7795897,-78.6381787,17.3,Meal/Entertain,$37.20 
2/11/16 17:49,2/11/16 18:10,Business,Eastgate,46.8239279,-100.7568808,Walnut Terrace,35.7666892,-78.6409345,5.7,Meal/Entertain,$12.26 
2/11/16 18:24,2/11/16 18:46,Business,Raleigh,35.7795897,-78.6381787,Morrisville,42.8986791,-75.6401825,13.5,Temporary Site,$29.03 
2/11/16 20:36,2/11/16 20:51,Business,Morrisville,42.8986791,-75.6401825,Cary,35.79154,-78.7811169,6.1,Temporary Site,$13.12 
2/12/16 8:21,2/12/16 8:42,Business,Cary,35.79154,-78.7811169,Durham,35.9940329,-78.898619,8.5,Temporary Site,$18.28 
2/12/16 10:45,2/12/16 10:52,Business,Durham,35.9940329,-78.898619,Morrisville,42.8986791,-75.6401825,2.6,Temporary Site,$5.59 
2/12/16 11:14,2/12/16 11:35,Business,Morrisville,42.8986791,-75.6401825,Raleigh,35.7795897,-78.6381787,17,Customer Visit,$36.55 
2/12/16 13:02,2/12/16 13:36,Business,Raleigh,35.7795897,-78.6381787,Cary,35.79154,-78.7811169,18,Meeting,$38.70 
2/12/16 14:49,2/12/16 15:06,Business,Cary,35.79154,-78.7811169,Morrisville,42.8986791,-75.6401825,8.4,Meeting,$18.06 
2/12/16 15:33,2/12/16 16:06,Business,Morrisville,42.8986791,-75.6401825,Cary,35.79154,-78.7811169,11.5,Customer Visit,$24.73 
2/13/16 14:21,2/13/16 14:41,Business,Cary,35.79154,-78.7811169,Morrisville,42.8986791,-75.6401825,8.9,Meeting,$19.14 
2/14/16 14:07,2/14/16 14:40,Business,East Elmhurst,40.7737505,-73.8713099,New York,40.7127753,-74.0059728,8.1,Meeting,$17.42 
2/14/16 14:46,2/14/16 15:03,Business,Midtown,27.9531045,-82.5033163,Midtown West,40.7637581,-73.9918181,2,Meeting,$4.30 
2/14/16 16:35,2/14/16 17:02,Business,New York,40.7127753,-74.0059728,Long Island City,40.744679,-73.9485424,13,Meeting,$27.95 
2/14/16 17:06,2/14/16 17:29,Business,Long Island City,40.744679,-73.9485424,Jamaica,18.109581,-77.297508,13.9,Meeting,$29.89 
2/16/16 13:43,2/16/16 13:55,Business,Colombo,6.9270786,79.861243,Colombo,6.9270786,79.861243,1.8,Temporary Site,$3.87 
2/16/16 17:17,2/16/16 17:26,Business,Colombo,6.9270786,79.861243,Nugegoda,6.8649081,79.8996789,1.1,Meal/Entertain,$2.37 
2/17/16 15:17,2/17/16 15:22,Business,Colombo,6.9270786,79.861243,Colombo,6.9270786,79.861243,1.7,Meal/Entertain,$3.66 
2/17/16 15:33,2/17/16 16:17,Business,Colombo,6.9270786,79.861243,Katunayaka,7.1724849,79.8853484,21.4,Temporary Site,$46.01 
2/17/16 16:38,2/17/16 16:43,Business,Katunayaka,7.1724849,79.8853484,Katunayaka,7.1724849,79.8853484,0.5,Errand/Supplies,$1.08 
2/20/16 14:50,2/20/16 15:54,Business,R?walpindi,33.5651107,73.0169135,R?walpindi,33.5651107,73.0169135,23.1,Meeting,$49.67 
2/21/16 11:47,2/21/16 12:01,Business,Islamabad,33.6844202,73.0478848,Islamabad,33.6844202,73.0478848,4.6,Errand/Supplies,$9.89 
2/21/16 15:14,2/21/16 15:31,Business,Islamabad,33.6844202,73.0478848,Noorpur Shahan,33.7455831,73.1128313,8.1,Temporary Site,$17.42 
2/22/16 21:54,2/22/16 22:09,Business,Morrisville,42.8986791,-75.6401825,Cary,35.79154,-78.7811169,8.1,Customer Visit,$17.42 
2/24/16 15:19,2/24/16 15:25,Business,Preston,53.763201,-2.70309,Whitebridge,57.204617,-4.507264,1.7,Errand/Supplies,$3.66 
2/25/16 16:27,2/25/16 16:35,Business,Whitebridge,57.204617,-4.507264,Heritage Pines,28.4282436,-82.6253837,3.1,Errand/Supplies,$6.67 
2/25/16 16:47,2/25/16 17:02,Business,Heritage Pines,28.4282436,-82.6253837,Whitebridge,57.204617,-4.507264,3.2,Errand/Supplies,$6.88 
2/25/16 17:16,2/25/16 17:36,Business,Whitebridge,57.204617,-4.507264,Tanglewood,42.3523427,-73.3110257,6,Meal/Entertain,$12.90 
2/25/16 18:22,2/25/16 18:39,Business,Tanglewood,42.3523427,-73.3110257,Whitebridge,57.204617,-4.507264,5.8,Meal/Entertain,$12.47 
2/26/16 11:35,2/26/16 11:59,Business,Cary,35.79154,-78.7811169,Durham,35.9940329,-78.898619,10.6,Meeting,$22.79 
2/26/16 13:01,2/26/16 13:24,Business,Durham,35.9940329,-78.898619,Cary,35.79154,-78.7811169,9.9,Meeting,$21.29 
2/28/16 5:22,2/28/16 5:38,Business,Whitebridge,57.204617,-4.507264,Waverly Place,35.7382082,-78.7775063,7.7,Meeting,$16.56 
2/28/16 9:26,2/28/16 9:42,Business,Waverly Place,35.7382082,-78.7775063,Whitebridge,57.204617,-4.507264,6.8,Meeting,$14.62 
2/29/16 11:30,2/29/16 11:40,Business,Cary,35.79154,-78.7811169,Apex,,,3.8,Meeting,$8.17 
2/29/16 12:36,2/29/16 12:48,Business,Apex,,,Cary,35.79154,-78.7811169,5.6,Meeting,$12.04 
2/29/16 16:40,2/29/16 17:00,Business,Hazelwood,-25.7777598,28.2577787,Whitebridge,57.204617,-4.507264,6.6,Customer Visit,$14.19 
3/1/16 18:47,3/1/16 19:10,Business,Whitebridge,57.204617,-4.507264,Wayne Ridge,50.6603057,-3.2975005,8,Meal/Entertain,$17.20 
3/1/16 21:27,3/1/16 21:45,Business,Wayne Ridge,50.6603057,-3.2975005,Whitebridge,57.204617,-4.507264,8,Meeting,$17.20 
3/3/16 11:04,3/3/16 11:10,Business,Westpark Place,41.6831878,-83.6269032,Whitebridge,57.204617,-4.507264,2.3,Errand/Supplies,$4.95 
3/3/16 14:44,3/3/16 14:58,Business,Whitebridge,57.204617,-4.507264,Northwoods,,,5.2,Meal/Entertain,$11.18 
3/3/16 15:27,3/3/16 15:48,Business,Cary,35.79154,-78.7811169,Raleigh,35.7795897,-78.6381787,7.6,Customer Visit,$16.34 
3/3/16 16:02,3/3/16 16:42,Business,Raleigh,35.7795897,-78.6381787,Cary,35.79154,-78.7811169,17.3,Meeting,$37.20 
3/4/16 7:47,3/4/16 8:06,Business,Cary,35.79154,-78.7811169,Durham,35.9940329,-78.898619,9.9,Meeting,$21.29 
3/4/16 9:46,3/4/16 10:03,Business,Durham,35.9940329,-78.898619,Cary,35.79154,-78.7811169,9.9,Customer Visit,$21.29 
3/4/16 11:46,3/4/16 12:06,Business,Cary,35.79154,-78.7811169,Durham,35.9940329,-78.898619,10.4,Meeting,$22.36 
3/4/16 13:03,3/4/16 13:25,Business,Durham,35.9940329,-78.898619,Cary,35.79154,-78.7811169,10.9,Meeting,$23.44 
3/4/16 13:40,3/4/16 14:09,Business,Cary,35.79154,-78.7811169,Raleigh,35.7795897,-78.6381787,15.7,Customer Visit,$33.76 
3/4/16 15:56,3/4/16 16:08,Business,Raleigh,35.7795897,-78.6381787,Raleigh,35.7795897,-78.6381787,4.9,Meal/Entertain,$10.54 
3/4/16 16:16,3/4/16 16:22,Business,Fayetteville Street,35.7737065,-78.6394508,Depot Historic District,,,0.8,Errand/Supplies,$1.72 
3/4/16 16:43,3/4/16 17:12,Business,Raleigh,35.7795897,-78.6381787,Cary,35.79154,-78.7811169,13.5,Meeting,$29.03 
3/4/16 19:02,3/4/16 19:08,Business,Cary,35.79154,-78.7811169,Morrisville,42.8986791,-75.6401825,1.9,Temporary Site,$4.09 
3/4/16 19:16,3/4/16 19:25,Business,Morrisville,42.8986791,-75.6401825,Cary,35.79154,-78.7811169,2,Meal/Entertain,$4.30 
3/5/16 11:44,3/5/16 11:59,Business,Cary,35.79154,-78.7811169,Morrisville,42.8986791,-75.6401825,6.5,Meal/Entertain,$13.98 
3/5/16 14:39,3/5/16 15:01,Business,Whitebridge,57.204617,-4.507264,Wayne Ridge,50.6603057,-3.2975005,7.8,Meal/Entertain,$16.77 
3/5/16 16:52,3/5/16 17:13,Business,Cary,35.79154,-78.7811169,Morrisville,42.8986791,-75.6401825,7.8,Meal/Entertain,$16.77 
3/5/16 17:23,3/5/16 17:34,Business,Morrisville,42.8986791,-75.6401825,Cary,35.79154,-78.7811169,3.9,Meal/Entertain,$8.39 
3/7/16 9:10,3/7/16 9:20,Business,Whitebridge,57.204617,-4.507264,Edgehill Farms,35.7834843,-78.8069507,2.8,Errand/Supplies,$6.02 
3/7/16 9:23,3/7/16 9:47,Business,Cary,35.79154,-78.7811169,Raleigh,35.7795897,-78.6381787,12.4,Customer Visit,$26.66 
3/7/16 12:10,3/7/16 12:26,Business,Fayetteville Street,35.7737065,-78.6394508,Meredith Townes,35.8224407,-78.6902175,5.9,Customer Visit,$12.69 
3/7/16 13:57,3/7/16 14:18,Business,Meredith Townes,35.8224407,-78.6902175,Leesville Hollow,35.921576,-78.7568306,9.4,Meeting,$20.21 
3/7/16 15:19,3/7/16 15:45,Business,Raleigh,35.7795897,-78.6381787,Cary,35.79154,-78.7811169,11.9,Between Offices,$25.59 
3/8/16 14:38,3/8/16 14:55,Business,Whitebridge,57.204617,-4.507264,Waverly Place,35.7382082,-78.7775063,7.2,Between Offices,$15.48 
3/8/16 15:35,3/8/16 16:00,Business,Waverly Place,35.7382082,-78.7775063,Whitebridge,57.204617,-4.507264,7.6,Meal/Entertain,$16.34 
3/10/16 3:36,3/10/16 3:53,Business,Cary,35.79154,-78.7811169,Morrisville,42.8986791,-75.6401825,8.4,Meeting,$18.06 
3/10/16 10:08,3/10/16 10:37,Business,East Austin,30.2654547,-97.7090635,West University,29.7180075,-95.4338292,12.8,Meeting,$27.52 
3/11/16 9:47,3/11/16 9:59,Business,The Drag,30.2864338,-97.7416445,Congress Ave District,30.2680667,-97.7428151,2,Meal/Entertain,$4.30 
3/13/16 9:07,3/13/16 9:37,Business,The Drag,30.2864338,-97.7416445,Convention Center District,,,5.7,Meal/Entertain,$12.26 
3/13/16 18:23,3/13/16 18:43,Business,South Congress,30.2049701,-97.7748074,North Austin,30.3923316,-97.708224,8.4,Meal/Entertain,$18.06 
3/13/16 20:07,3/13/16 20:28,Business,Georgian Acres,30.3499918,-97.7009416,The Drag,30.2864338,-97.7416445,6.2,Meal/Entertain,$13.33 
3/13/16 20:39,3/13/16 20:58,Business,The Drag,30.2864338,-97.7416445,North Austin,30.3923316,-97.708224,10.5,Meal/Entertain,$22.58 
3/13/16 21:11,3/13/16 21:23,Business,North Austin,30.3923316,-97.708224,Coxville,39.6519831,-87.294461,7.2,Meal/Entertain,$15.48 
3/14/16 8:34,3/14/16 8:49,Business,The Drag,30.2864338,-97.7416445,South Congress,30.2049701,-97.7748074,2,Errand/Supplies,$4.30 
3/15/16 8:45,3/15/16 8:57,Business,The Drag,30.2864338,-97.7416445,Convention Center District,,,2,Meal/Entertain,$4.30 
3/15/16 20:48,3/15/16 21:01,Business,Downtown,,,The Drag,30.2864338,-97.7416445,2.8,Meal/Entertain,$6.02 
3/16/16 11:34,3/16/16 11:45,Business,The Drag,30.2864338,-97.7416445,Congress Ave District,30.2680667,-97.7428151,1.7,Meal/Entertain,$3.66 
3/16/16 18:43,3/16/16 18:56,Business,West University,29.7180075,-95.4338292,Congress Ave District,30.2680667,-97.7428151,2.1,Meal/Entertain,$4.52 
3/17/16 12:52,3/17/16 15:11,Business,Austin,30.267153,-97.7430608,Katy,29.7857765,-95.8245093,136,Customer Visit,$292.40 
3/17/16 15:16,3/17/16 15:58,Business,Katy,29.7857765,-95.8245093,Houston,29.7604267,-95.3698028,30.2,Meeting,$64.93 
3/17/16 17:20,3/17/16 18:02,Business,Midtown,27.9531045,-82.5033163,Alief,29.6827204,-95.593239,15.5,Meal/Entertain,$33.33 
3/18/16 7:15,3/18/16 7:21,Business,Midtown,27.9531045,-82.5033163,Midtown,27.9531045,-82.5033163,1.1,Meal/Entertain,$2.37 
3/18/16 8:35,3/18/16 8:43,Business,Midtown,27.9531045,-82.5033163,Midtown,27.9531045,-82.5033163,1.1,Meal/Entertain,$2.37 
3/18/16 18:24,3/18/16 19:08,Business,Midtown,27.9531045,-82.5033163,Sharpstown,29.7051747,-95.5212898,13.2,Meeting,$28.38 
3/18/16 19:23,3/18/16 19:29,Business,Sharpstown,29.7051747,-95.5212898,Sharpstown,29.7051747,-95.5212898,1,Errand/Supplies,$2.15 
3/18/16 21:01,3/18/16 21:15,Business,Sharpstown,29.7051747,-95.5212898,Midtown,27.9531045,-82.5033163,9.2,Customer Visit,$19.78 
3/19/16 9:10,3/19/16 9:25,Business,Midtown,27.9531045,-82.5033163,Sharpstown,29.7051747,-95.5212898,9.4,Meal/Entertain,$20.21 
3/19/16 12:50,3/19/16 13:13,Business,Houston,29.7604267,-95.3698028,Sugar Land,29.5984434,-95.6225521,12,Customer Visit,$25.80 
3/19/16 14:01,3/19/16 14:57,Business,Sugar Land,29.5984434,-95.6225521,Houston,29.7604267,-95.3698028,35.1,Customer Visit,$75.47 
3/19/16 15:34,3/19/16 16:38,Business,Houston,29.7604267,-95.3698028,Galveston,29.3013479,-94.7976958,36.5,Meal/Entertain,$78.48 
3/19/16 17:17,3/19/16 17:32,Business,Galveston,29.3013479,-94.7976958,Port Bolivar,29.3807901,-94.7643623,3.1,Meal/Entertain,$6.67 
3/19/16 17:37,3/19/16 17:47,Business,Port Bolivar,29.3807901,-94.7643623,Port Bolivar,29.3807901,-94.7643623,2.1,Errand/Supplies,$4.52 
3/19/16 18:53,3/19/16 19:29,Business,Port Bolivar,29.3807901,-94.7643623,Galveston,29.3013479,-94.7976958,7.5,Meeting,$16.13 
3/19/16 19:33,3/19/16 20:39,Business,Galveston,29.3013479,-94.7976958,Houston,29.7604267,-95.3698028,57,Customer Visit,$122.55 
3/20/16 7:37,3/20/16 7:48,Business,Midtown,27.9531045,-82.5033163,Washington Avenue,39.1996771,-76.6047545,5.9,Meeting,$12.69 
3/20/16 11:42,3/20/16 11:56,Business,Washington Avenue,39.1996771,-76.6047545,Midtown,27.9531045,-82.5033163,6.2,Meeting,$13.33 
3/20/16 18:45,3/20/16 19:06,Business,Briar Meadow,29.7374609,-95.5142195,Midtown,27.9531045,-82.5033163,9.6,Customer Visit,$20.64 
3/21/16 16:05,3/21/16 16:13,Business,Downtown,,,Midtown,27.9531045,-82.5033163,0.9,Meal/Entertain,$1.94 
3/21/16 20:18,3/21/16 20:55,Business,Sharpstown,29.7051747,-95.5212898,Midtown,27.9531045,-82.5033163,25.6,Meal/Entertain,$55.04 
3/22/16 6:17,3/22/16 6:43,Business,Midtown,27.9531045,-82.5033163,Greater Greenspoint,29.9406789,-95.4139056,23,Meal/Entertain,$49.45 
3/25/16 13:24,3/25/16 16:22,Business,Cary,35.79154,-78.7811169,Latta,34.3371047,-79.4311616,144,Customer Visit,$309.60 
3/25/16 16:52,3/25/16 22:22,Business,Latta,34.3371047,-79.4311616,Jacksonville,30.3321838,-81.655651,310.3,Customer Visit,$667.15 
3/25/16 22:54,3/26/16 1:39,Business,Jacksonville,30.3321838,-81.655651,Kissimmee,28.2919557,-81.407571,201,Meeting,$432.15 
3/27/16 0:31,3/27/16 0:40,Business,Lake Reams,28.4395614,-81.5719819,Lake Reams,28.4395614,-81.5719819,2.1,Errand/Supplies,$4.52 
3/27/16 1:11,3/27/16 1:23,Business,Orlando,28.5383832,-81.3789269,Kissimmee,28.2919557,-81.407571,6.6,Meal/Entertain,$14.19 
3/27/16 15:31,3/27/16 15:56,Business,Kissimmee,28.2919557,-81.407571,Orlando,28.5383832,-81.3789269,6.1,Customer Visit,$13.12 
3/30/16 22:05,3/30/16 22:55,Business,Orlando,28.5383832,-81.3789269,Kissimmee,28.2919557,-81.407571,28.8,Meal/Entertain,$61.92 
3/31/16 12:47,3/31/16 13:22,Business,Kissimmee,28.2919557,-81.407571,Orlando,28.5383832,-81.3789269,16.1,Temporary Site,$34.62 
3/31/16 14:37,3/31/16 15:09,Business,Orlando,28.5383832,-81.3789269,Kissimmee,28.2919557,-81.407571,16.4,Meal/Entertain,$35.26 
4/1/16 13:43,4/1/16 14:01,Business,Kissimmee,28.2919557,-81.407571,Kissimmee,28.2919557,-81.407571,11,Meeting,$23.65 
4/1/16 14:36,4/1/16 15:24,Business,Kissimmee,28.2919557,-81.407571,Orlando,28.5383832,-81.3789269,15.5,Customer Visit,$33.33 
4/1/16 16:01,4/1/16 16:49,Business,Orlando,28.5383832,-81.3789269,Kissimmee,28.2919557,-81.407571,20.3,Meeting,$43.65 
4/2/16 12:21,4/2/16 14:47,Business,Kissimmee,28.2919557,-81.407571,Daytona Beach,29.2108147,-81.0228331,77.3,Customer Visit,$166.20 
4/2/16 16:57,4/2/16 18:09,Business,Daytona Beach,29.2108147,-81.0228331,Jacksonville,30.3321838,-81.655651,80.5,Customer Visit,$173.08 
4/2/16 19:38,4/2/16 22:36,Business,Jacksonville,30.3321838,-81.655651,Ridgeland,32.4284761,-90.1323087,174.2,Customer Visit,$374.53 
4/2/16 23:11,4/3/16 1:34,Business,Ridgeland,32.4284761,-90.1323087,Florence,43.7695604,11.2558136,144,Meeting,$309.60 
4/3/16 2:00,4/3/16 4:16,Business,Florence,43.7695604,11.2558136,Cary,35.79154,-78.7811169,159.3,Meeting,$342.50 
4/5/16 21:39,4/5/16 21:55,Business,Whitebridge,57.204617,-4.507264,Wayne Ridge,50.6603057,-3.2975005,7.9,Meal/Entertain,$16.99 
4/6/16 0:19,4/6/16 0:39,Business,Wayne Ridge,50.6603057,-3.2975005,Whitebridge,57.204617,-4.507264,8,Meal/Entertain,$17.20 
4/7/16 18:20,4/7/16 18:39,Business,Cary,35.79154,-78.7811169,Morrisville,42.8986791,-75.6401825,6.1,Meal/Entertain,$13.12 
4/7/16 19:45,4/7/16 20:00,Business,Morrisville,42.8986791,-75.6401825,Cary,35.79154,-78.7811169,6.1,Errand/Supplies,$13.12 
4/8/16 12:30,4/8/16 12:48,Business,Cary,35.79154,-78.7811169,Durham,35.9940329,-78.898619,10.5,Meeting,$22.58 
4/8/16 13:34,4/8/16 13:51,Business,Durham,35.9940329,-78.898619,Cary,35.79154,-78.7811169,8.7,Meal/Entertain,$18.71 
4/8/16 13:55,4/8/16 14:03,Business,Westpark Place,41.6831878,-83.6269032,Whitebridge,57.204617,-4.507264,1.8,Errand/Supplies,$3.87 
4/8/16 14:43,4/8/16 15:20,Business,Cary,35.79154,-78.7811169,Raleigh,35.7795897,-78.6381787,19.1,Meeting,$41.07 
4/8/16 16:05,4/8/16 16:47,Business,Raleigh,35.7795897,-78.6381787,Cary,35.79154,-78.7811169,18.6,Meeting,$39.99 
4/12/16 9:15,4/12/16 9:26,Business,Whitebridge,57.204617,-4.507264,Edgehill Farms,35.7834843,-78.8069507,2.8,Errand/Supplies,$6.02 
4/12/16 9:34,4/12/16 9:53,Business,Cary,35.79154,-78.7811169,Raleigh,35.7795897,-78.6381787,8.9,Meeting,$19.14 
4/12/16 10:58,4/12/16 11:18,Business,Meredith,-37.845644,144.0768421,Cedar Hill,32.5884689,-96.9561152,7.5,Customer Visit,$16.13 
4/12/16 12:22,4/12/16 12:44,Business,Raleigh,35.7795897,-78.6381787,Morrisville,42.8986791,-75.6401825,15.9,Meeting,$34.19 
4/12/16 13:42,4/12/16 14:01,Business,Morrisville,42.8986791,-75.6401825,Cary,35.79154,-78.7811169,6.5,Meal/Entertain,$13.98 
4/14/16 7:29,4/14/16 8:09,Business,Cary,35.79154,-78.7811169,Holly Springs,35.6512655,-78.8336218,15.3,Temporary Site,$32.90 
4/14/16 16:00,4/14/16 16:43,Business,Holly Springs,35.6512655,-78.8336218,Cary,35.79154,-78.7811169,13.7,Temporary Site,$29.46 
4/15/16 11:36,4/15/16 12:07,Business,Cary,35.79154,-78.7811169,Raleigh,35.7795897,-78.6381787,11.9,Temporary Site,$25.59 
4/15/16 12:29,4/15/16 12:32,Business,Meredith Townes,35.8224407,-78.6902175,Harden Place,55.9367401,-3.2199516,1.4,Errand/Supplies,$3.01 
4/15/16 14:31,4/15/16 15:01,Business,Raleigh,35.7795897,-78.6381787,Cary,35.79154,-78.7811169,15.2,Meeting,$32.68 
4/16/16 12:59,4/16/16 13:17,Business,Cary,35.79154,-78.7811169,Morrisville,42.8986791,-75.6401825,6,Errand/Supplies,$12.90 
4/16/16 15:10,4/16/16 15:26,Business,Morrisville,42.8986791,-75.6401825,Cary,35.79154,-78.7811169,6.1,Meal/Entertain,$13.12 
4/19/16 17:44,4/19/16 18:08,Business,Whitebridge,57.204617,-4.507264,Wayne Ridge,50.6603057,-3.2975005,8.2,Meal/Entertain,$17.63 
4/19/16 19:57,4/19/16 20:19,Business,Wayne Ridge,50.6603057,-3.2975005,Whitebridge,57.204617,-4.507264,8,Meal/Entertain,$17.20 
4/22/16 8:25,4/22/16 9:04,Business,Cary,35.79154,-78.7811169,Raleigh,35.7795897,-78.6381787,13.6,Meeting,$29.24 
4/22/16 10:10,4/22/16 10:40,Business,Raleigh,35.7795897,-78.6381787,Cary,35.79154,-78.7811169,22.5,Meeting,$48.38 
4/22/16 12:08,4/22/16 12:28,Business,Cary,35.79154,-78.7811169,Durham,35.9940329,-78.898619,10.4,Meeting,$22.36 
4/22/16 13:02,4/22/16 13:26,Business,Durham,35.9940329,-78.898619,Cary,35.79154,-78.7811169,10,Meeting,$21.50 
4/23/16 17:03,4/23/16 17:16,Business,Whitebridge,57.204617,-4.507264,Tanglewood,42.3523427,-73.3110257,6,Meal/Entertain,$12.90 
4/23/16 18:49,4/23/16 19:05,Business,Tanglewood,42.3523427,-73.3110257,Whitebridge,57.204617,-4.507264,6.5,Meal/Entertain,$13.98 
4/24/16 19:07,4/24/16 19:16,Business,Cary,35.79154,-78.7811169,Morrisville,42.8986791,-75.6401825,3.1,Errand/Supplies,$6.67 
4/24/16 19:46,4/24/16 19:52,Business,Chessington,51.363583,-0.296254,Chessington,51.363583,-0.296254,1.9,Errand/Supplies,$4.09 
4/24/16 21:41,4/24/16 21:50,Business,Morrisville,42.8986791,-75.6401825,Cary,35.79154,-78.7811169,4.2,Between Offices,$9.03 
4/27/16 13:30,4/27/16 13:40,Business,Whitebridge,57.204617,-4.507264,Burtrose,35.7737626,-78.7852836,4.9,Between Offices,$10.54 
4/27/16 14:13,4/27/16 14:25,Business,Burtrose,35.7737626,-78.7852836,Whitebridge,57.204617,-4.507264,4.8,Between Offices,$10.32 
4/28/16 12:09,4/28/16 12:34,Business,Cary,35.79154,-78.7811169,Raleigh,35.7795897,-78.6381787,12.4,Customer Visit,$26.66 
4/28/16 13:30,4/28/16 13:49,Business,Raleigh,35.7795897,-78.6381787,Cary,35.79154,-78.7811169,32.8,Customer Visit,$70.52 
4/28/16 22:10,4/28/16 22:28,Business,Morrisville,42.8986791,-75.6401825,Cary,35.79154,-78.7811169,5.5,Customer Visit,$11.83 
4/29/16 11:44,4/29/16 12:01,Business,Cary,35.79154,-78.7811169,Durham,35.9940329,-78.898619,9.9,Meeting,$21.29 
4/29/16 13:13,4/29/16 13:34,Business,Durham,35.9940329,-78.898619,Cary,35.79154,-78.7811169,10,Meeting,$21.50 
4/29/16 18:46,4/29/16 19:18,Business,Cary,35.79154,-78.7811169,Durham,35.9940329,-78.898619,14.2,Customer Visit,$30.53 
4/29/16 22:44,4/29/16 23:19,Business,Durham,35.9940329,-78.898619,Cary,35.79154,-78.7811169,18.2,Meeting,$39.13 
4/30/16 18:42,4/30/16 18:57,Business,Whitebridge,57.204617,-4.507264,Waverly Place,35.7382082,-78.7775063,7.7,Meal/Entertain,$16.56 
5/1/16 13:45,5/1/16 13:53,Business,Whitebridge,57.204617,-4.507264,Westpark Place,41.6831878,-83.6269032,2.1,Meal/Entertain,$4.52 
5/1/16 17:33,5/1/16 17:45,Business,Whitebridge,57.204617,-4.507264,Tanglewood,42.3523427,-73.3110257,6.2,Between Offices,$13.33 
5/1/16 17:54,5/1/16 18:10,Business,Tanglewood,42.3523427,-73.3110257,Parkway,,,7.5,Meeting,$16.13 
5/1/16 22:38,5/1/16 22:49,Business,Parkway,,,Whitebridge,57.204617,-4.507264,3.1,Errand/Supplies,$6.67 
5/2/16 14:14,5/2/16 14:21,Business,Whitebridge,57.204617,-4.507264,Westpark Place,41.6831878,-83.6269032,2.2,Errand/Supplies,$4.73 
5/2/16 15:37,5/2/16 15:48,Business,Westpark Place,41.6831878,-83.6269032,Whitebridge,57.204617,-4.507264,3.9,Meal/Entertain,$8.39 
5/3/16 22:20,5/3/16 22:28,Business,Morrisville,42.8986791,-75.6401825,Cary,35.79154,-78.7811169,2.5,Meal/Entertain,$5.38 
5/4/16 15:16,5/4/16 15:37,Business,Cary,35.79154,-78.7811169,Morrisville,42.8986791,-75.6401825,8.7,Meal/Entertain,$18.71 
5/4/16 20:55,5/4/16 21:14,Business,Mcvan,,,Capitol One,,,14.5,Errand/Supplies,$31.18 
5/4/16 21:30,5/4/16 21:36,Business,Capitol One,,,University District,47.6627771,-122.3138767,4.5,Meal/Entertain,$9.68 
5/4/16 22:19,5/4/16 22:27,Business,University District,47.6627771,-122.3138767,Capitol One,,,5,Meal/Entertain,$10.75 
5/5/16 21:24,5/5/16 21:36,Business,Seattle,47.6062095,-122.3320708,Redmond,47.6739881,-122.121512,14.2,Meal/Entertain,$30.53 
5/5/16 22:34,5/5/16 22:40,Business,Redmond,47.6739881,-122.121512,Bellevue,47.6101497,-122.2015159,2.9,Errand/Supplies,$6.24 
5/5/16 23:55,5/6/16 0:08,Business,Bellevue,47.6101497,-122.2015159,Seattle,47.6062095,-122.3320708,12.9,Meeting,$27.74 
5/6/16 5:47,5/6/16 6:02,Business,Capitol One,,,Mcvan,,,14.4,Meeting,$30.96 
5/6/16 16:45,5/6/16 16:59,Business,Chapel Hill,35.9131996,-79.0558445,Morrisville,42.8986791,-75.6401825,17,Meeting,$36.55 
5/6/16 17:18,5/6/16 17:44,Business,Morrisville,42.8986791,-75.6401825,Cary,35.79154,-78.7811169,7.9,Customer Visit,$16.99 
5/9/16 6:08,5/9/16 6:25,Business,Cary,35.79154,-78.7811169,Morrisville,42.8986791,-75.6401825,8.4,Customer Visit,$18.06 
5/9/16 14:39,5/9/16 15:06,Business,San Francisco,37.7749295,-122.4194155,Palo Alto,37.4418834,-122.1430195,20.5,Between Offices,$44.08 
5/9/16 17:58,5/9/16 18:26,Business,Palo Alto,37.4418834,-122.1430195,Sunnyvale,37.36883,-122.0363496,9.8,Customer Visit,$21.07 
5/9/16 19:35,5/9/16 19:59,Business,Sunnyvale,37.36883,-122.0363496,Newark,40.735657,-74.1723667,17.6,Customer Visit,$37.84 
5/10/16 9:03,5/10/16 9:20,Business,Newark,40.735657,-74.1723667,Menlo Park,37.4529598,-122.1817252,9.3,Customer Visit,$20.00 
5/10/16 17:19,5/10/16 17:31,Business,Menlo Park,37.4529598,-122.1817252,Newark,40.735657,-74.1723667,7.9,Customer Visit,$16.99 
5/11/16 8:35,5/11/16 9:12,Business,Newark,40.735657,-74.1723667,San Francisco,37.7749295,-122.4194155,25.6,Meeting,$55.04 
5/11/16 21:47,5/11/16 22:04,Business,Morrisville,42.8986791,-75.6401825,Cary,35.79154,-78.7811169,8.1,Meeting,$17.42 
5/14/16 18:35,5/14/16 18:39,Business,Cary,35.79154,-78.7811169,Morrisville,42.8986791,-75.6401825,3.1,Meal/Entertain,$6.67 
5/14/16 23:01,5/14/16 23:05,Business,Morrisville,42.8986791,-75.6401825,Cary,35.79154,-78.7811169,3.1,Meal/Entertain,$6.67 
5/17/16 13:15,5/17/16 13:23,Business,Whitebridge,57.204617,-4.507264,Preston,53.763201,-2.70309,2.8,Errand/Supplies,$6.02 
5/17/16 13:56,5/17/16 14:08,Business,Preston,53.763201,-2.70309,Westpark Place,41.6831878,-83.6269032,2.7,Errand/Supplies,$5.81 
5/17/16 14:34,5/17/16 14:40,Business,Westpark Place,41.6831878,-83.6269032,Whitebridge,57.204617,-4.507264,1.9,Errand/Supplies,$4.09 
5/18/16 9:11,5/18/16 9:41,Business,Cary,35.79154,-78.7811169,Morrisville,42.8986791,-75.6401825,8.4,Customer Visit,$18.06 
5/18/16 13:00,5/18/16 13:02,Business,Morrisville,42.8986791,-75.6401825,Raleigh,35.7795897,-78.6381787,7.6,Customer Visit,$16.34 
5/19/16 14:37,5/19/16 15:01,Business,Old City,39.9500455,-75.1438117,Parkway Museums,,,2.9,Meal/Entertain,$6.24 
5/20/16 10:56,5/20/16 11:07,Business,Old City,39.9500455,-75.1438117,Hog Island,38.1971371,-122.9351386,11.2,Meeting,$24.08 
5/20/16 15:43,5/20/16 16:12,Business,Morrisville,42.8986791,-75.6401825,Cary,35.79154,-78.7811169,8.2,Meal/Entertain,$17.63 
5/22/16 15:39,5/22/16 15:46,Business,Cary,35.79154,-78.7811169,Morrisville,42.8986791,-75.6401825,3,Meal/Entertain,$6.45 
5/22/16 18:46,5/22/16 18:53,Business,Morrisville,42.8986791,-75.6401825,Cary,35.79154,-78.7811169,2.5,Meal/Entertain,$5.38 
5/23/16 20:19,5/23/16 20:27,Business,Whitebridge,57.204617,-4.507264,Savon Height,35.7726514,-78.8011173,3.6,Meal/Entertain,$7.74 
5/23/16 21:09,5/23/16 21:21,Business,Savon Height,35.7726514,-78.8011173,Whitebridge,57.204617,-4.507264,3.6,Errand/Supplies,$7.74 
5/27/16 20:26,5/27/16 20:30,Business,Whitebridge,57.204617,-4.507264,Kildaire Farms,35.762374,-78.7913949,4.5,Errand/Supplies,$9.68 
5/27/16 22:11,5/27/16 22:14,Business,Kilarney Woods,35.7593182,-78.8194509,Kildaire Farms,35.762374,-78.7913949,1.7,Errand/Supplies,$3.66 
5/28/16 0:15,5/28/16 0:21,Business,Kilarney Woods,35.7593182,-78.8194509,Whitebridge,57.204617,-4.507264,4.7,Errand/Supplies,$10.11 
5/28/16 12:52,5/28/16 13:06,Business,Cary,35.79154,-78.7811169,Morrisville,42.8986791,-75.6401825,6.1,Meal/Entertain,$13.12 
5/28/16 14:35,5/28/16 15:04,Business,Morrisville,42.8986791,-75.6401825,Cary,35.79154,-78.7811169,11.3,Customer Visit,$24.30 
5/31/16 13:54,5/31/16 14:41,Business,Cary,35.79154,-78.7811169,Raleigh,35.7795897,-78.6381787,14.9,Meeting,$32.04 
5/31/16 16:02,5/31/16 16:39,Business,Raleigh,35.7795897,-78.6381787,Cary,35.79154,-78.7811169,14,Meeting,$30.10 
6/1/16 10:19,6/1/16 10:47,Business,Cary,35.79154,-78.7811169,Morrisville,42.8986791,-75.6401825,6.7,Customer Visit,$14.41 
6/1/16 13:10,6/1/16 13:39,Business,Morrisville,42.8986791,-75.6401825,Cary,35.79154,-78.7811169,9.6,Meeting,$20.64 
6/3/16 11:29,6/3/16 11:49,Business,Cary,35.79154,-78.7811169,Durham,35.9940329,-78.898619,10.4,Meeting,$22.36 
6/3/16 13:08,6/3/16 13:38,Business,Durham,35.9940329,-78.898619,Cary,35.79154,-78.7811169,9.9,Meeting,$21.29 
6/3/16 15:31,6/3/16 15:54,Business,Cary,35.79154,-78.7811169,Morrisville,42.8986791,-75.6401825,6,Meal/Entertain,$12.90 
6/3/16 18:14,6/3/16 18:29,Business,Townes at Everett Crossing,35.8614516,-78.8506505,Chessington,51.363583,-0.296254,3.3,Errand/Supplies,$7.10 
6/3/16 18:41,6/3/16 18:53,Business,Morrisville,42.8986791,-75.6401825,Cary,35.79154,-78.7811169,3.1,Errand/Supplies,$6.67 
6/3/16 19:36,6/3/16 19:42,Business,Huntington Woods,42.4805913,-83.1668713,Weston,26.1003654,-80.3997748,1.7,Errand/Supplies,$3.66 
6/3/16 22:47,6/3/16 23:06,Business,Morrisville,42.8986791,-75.6401825,Cary,35.79154,-78.7811169,4,Between Offices,$8.60 
6/5/16 14:03,6/5/16 14:33,Business,Whitebridge,57.204617,-4.507264,Savon Height,35.7726514,-78.8011173,7.8,Customer Visit,$16.77 
6/5/16 15:06,6/5/16 15:22,Business,Cary,35.79154,-78.7811169,Morrisville,42.8986791,-75.6401825,7.8,Customer Visit,$16.77 
6/5/16 15:57,6/5/16 16:08,Business,Weston,26.1003654,-80.3997748,Weston,26.1003654,-80.3997748,3.8,Meal/Entertain,$8.17 
6/5/16 18:05,6/5/16 18:14,Business,Morrisville,42.8986791,-75.6401825,Cary,35.79154,-78.7811169,2.5,Meal/Entertain,$5.38 
6/5/16 21:53,6/5/16 22:05,Business,Cary,35.79154,-78.7811169,Durham,35.9940329,-78.898619,9.9,Meeting,$21.29 
6/5/16 23:52,6/6/16 0:08,Business,Durham,35.9940329,-78.898619,Cary,35.79154,-78.7811169,9.9,Meeting,$21.29 
6/6/16 15:36,6/6/16 15:45,Business,Whitebridge,57.204617,-4.507264,Hazelwood,-25.7777598,28.2577787,3,Errand/Supplies,$6.45 
6/6/16 16:16,6/6/16 16:24,Business,Hazelwood,-25.7777598,28.2577787,Whitebridge,57.204617,-4.507264,2.4,Errand/Supplies,$5.16 
6/6/16 20:06,6/6/16 20:20,Business,Cary,35.79154,-78.7811169,Apex,,,5.7,Meal/Entertain,$12.26 
6/6/16 21:08,6/6/16 21:37,Business,Apex,,,Cary,35.79154,-78.7811169,7.2,Meal/Entertain,$15.48 
6/6/16 21:41,6/6/16 22:00,Business,Cary,35.79154,-78.7811169,Durham,35.9940329,-78.898619,10.4,Meeting,$22.36 
6/6/16 23:34,6/6/16 23:48,Business,Durham,35.9940329,-78.898619,Cary,35.79154,-78.7811169,9.9,Meeting,$21.29 
6/7/16 21:42,6/7/16 22:00,Business,Cary,35.79154,-78.7811169,Durham,35.9940329,-78.898619,10.4,Meeting,$22.36 
6/7/16 23:41,6/8/16 0:04,Business,Durham,35.9940329,-78.898619,Cary,35.79154,-78.7811169,9.9,Meeting,$21.29 
6/8/16 8:23,6/8/16 8:53,Business,Cary,35.79154,-78.7811169,Morrisville,42.8986791,-75.6401825,8.7,Meal/Entertain,$18.71 
6/8/16 12:04,6/8/16 13:01,Business,Jamaica,18.109581,-77.297508,New York,40.7127753,-74.0059728,22.3,Errand/Supplies,$47.95 
6/8/16 13:12,6/8/16 13:29,Business,Seaport,40.7072263,-74.0027431,Gramercy-Flatiron,40.740083,-73.9903489,3.3,Meal/Entertain,$7.10 
6/8/16 14:31,6/8/16 14:37,Business,Medical Centre,,,Tudor City,40.7488491,-73.9716161,0.7,Errand/Supplies,$1.51 
6/8/16 16:55,6/8/16 17:11,Business,Rose Hill,40.742233,-73.9837375,Soho,40.7245908,-74.0019174,2.5,Meal/Entertain,$5.38 
6/8/16 17:16,6/8/16 17:18,Business,Soho,40.7245908,-74.0019174,Tribeca,40.7162692,-74.0086323,0.5,Errand/Supplies,$1.08 
6/8/16 17:59,6/8/16 18:05,Business,Tribeca,40.7162692,-74.0086323,Financial District,40.7077143,-74.0082787,0.9,Errand/Supplies,$1.94 
6/8/16 20:11,6/8/16 20:25,Business,Financial District,40.7077143,-74.0082787,Kips Bay,40.7423292,-73.9800645,4.8,Errand/Supplies,$10.32 
6/10/16 15:19,6/10/16 16:28,Business,New York,40.7127753,-74.0059728,Jamaica,18.109581,-77.297508,16.3,Meeting,$35.05 
6/10/16 21:47,6/10/16 22:04,Business,Cary,35.79154,-78.7811169,Durham,35.9940329,-78.898619,10.4,Meeting,$22.36 
6/10/16 23:53,6/11/16 0:01,Business,Durham,35.9940329,-78.898619,Cary,35.79154,-78.7811169,9.9,Meeting,$21.29 
6/11/16 17:08,6/11/16 17:16,Business,Cary,35.79154,-78.7811169,Morrisville,42.8986791,-75.6401825,3.7,Errand/Supplies,$7.96 
6/11/16 17:34,6/11/16 17:39,Business,Morrisville,42.8986791,-75.6401825,Cary,35.79154,-78.7811169,4.6,Meal/Entertain,$9.89 
6/11/16 21:45,6/11/16 22:04,Business,Cary,35.79154,-78.7811169,Durham,35.9940329,-78.898619,10.4,Meeting,$22.36 
6/11/16 23:39,6/12/16 0:05,Business,Durham,35.9940329,-78.898619,Cary,35.79154,-78.7811169,9.9,Meeting,$21.29 
6/12/16 19:53,6/12/16 19:56,Business,Cary,35.79154,-78.7811169,Morrisville,42.8986791,-75.6401825,2.5,Meal/Entertain,$5.38 
6/12/16 20:05,6/12/16 20:16,Business,Morrisville,42.8986791,-75.6401825,Cary,35.79154,-78.7811169,4.3,Errand/Supplies,$9.25 
6/12/16 21:58,6/12/16 22:19,Business,Parkway,,,Whitebridge,57.204617,-4.507264,2.8,Errand/Supplies,$6.02 
6/13/16 5:23,6/13/16 5:42,Business,Cary,35.79154,-78.7811169,Morrisville,42.8986791,-75.6401825,8.4,Meal/Entertain,$18.06 
6/13/16 14:17,6/13/16 14:46,Business,Oakland,37.8043514,-122.2711639,Emeryville,37.8395028,-122.2892278,13.2,Meeting,$28.38 
6/13/16 18:08,6/13/16 18:47,Business,Emeryville,37.8395028,-122.2892278,Berkeley,37.8715226,-122.273042,3.9,Meal/Entertain,$8.39 
6/13/16 18:54,6/13/16 19:23,Business,Berkeley,37.8715226,-122.273042,Oakland,37.8043514,-122.2711639,5.1,Meal/Entertain,$10.97 
6/14/16 16:09,6/14/16 16:39,Business,San Francisco,37.7749295,-122.4194155,Emeryville,37.8395028,-122.2892278,11.6,Meeting,$24.94 
6/14/16 17:15,6/14/16 17:24,Business,Emeryville,37.8395028,-122.2892278,Oakland,37.8043514,-122.2711639,5.1,Meeting,$10.97 
6/14/16 17:27,6/14/16 17:57,Business,Downtown,,,Bay Farm Island,37.7373671,-122.2370271,9.3,Errand/Supplies,$20.00 
6/15/16 1:46,6/15/16 2:06,Business,Kenner,29.9940924,-90.2417434,New Orleans,29.9510658,-90.0715323,12.4,Between Offices,$26.66 
6/15/16 15:26,6/15/16 15:34,Business,CBD,,,Lower Garden District,29.9348549,-90.0696586,1.9,Between Offices,$4.09 
6/15/16 16:37,6/15/16 17:02,Business,Lower Garden District,29.9348549,-90.0696586,Lakeview,25.7312214,-80.2577452,6.4,Customer Visit,$13.76 
6/15/16 19:52,6/15/16 19:58,Business,Storyville,41.8952564,-87.6315445,Faubourg Marigny,29.9639233,-90.0571613,1.5,Meal/Entertain,$3.23 
6/21/16 17:11,6/21/16 18:02,Business,Raleigh,35.7795897,-78.6381787,Cary,35.79154,-78.7811169,16.6,Meal/Entertain,$35.69 
6/24/16 10:41,6/24/16 10:57,Business,Whitebridge,57.204617,-4.507264,Waverly Place,35.7382082,-78.7775063,7.1,Meal/Entertain,$15.27 
6/24/16 11:54,6/24/16 12:01,Business,Waverly Place,35.7382082,-78.7775063,Macgregor Downs,35.7468814,-78.7957856,2.1,Meal/Entertain,$4.52 
6/24/16 12:19,6/24/16 12:37,Business,Cary,35.79154,-78.7811169,Raleigh,35.7795897,-78.6381787,8.6,Errand/Supplies,$18.49 
6/24/16 12:50,6/24/16 13:12,Business,Raleigh,35.7795897,-78.6381787,Morrisville,42.8986791,-75.6401825,9,Errand/Supplies,$19.35 
6/24/16 13:18,6/24/16 13:27,Business,Morrisville,42.8986791,-75.6401825,Cary,35.79154,-78.7811169,3.1,Errand/Supplies,$6.67 
6/24/16 14:01,6/24/16 14:20,Business,Cary,35.79154,-78.7811169,Morrisville,42.8986791,-75.6401825,8.4,Temporary Site,$18.06 
6/25/16 9:15,6/25/16 10:08,Business,New Orleans,29.9510658,-90.0715323,Chalmette,29.942783,-89.9635162,11.8,Between Offices,$25.37 
6/25/16 10:18,6/25/16 10:25,Business,Chalmette,29.942783,-89.9635162,Arabi,29.9543702,-90.0053477,1.1,Errand/Supplies,$2.37 
6/25/16 10:50,6/25/16 11:18,Business,Arabi,29.9543702,-90.0053477,Metairie,29.9840922,-90.1528519,17,Meal/Entertain,$36.55 
6/25/16 11:25,6/25/16 11:34,Business,Pontchartrain Shores,30.0207582,-90.19452,Pontchartrain Shores,30.0207582,-90.19452,1.7,Meeting,$3.66 
6/25/16 11:53,6/25/16 13:21,Business,Metairie,29.9840922,-90.1528519,New Orleans,29.9510658,-90.0715323,15.5,Meeting,$33.33 
6/26/16 17:43,6/26/16 18:18,Business,New Orleans,29.9510658,-90.0715323,Kenner,29.9940924,-90.2417434,12.6,Meeting,$27.09 
6/28/16 0:48,6/28/16 1:05,Business,Morrisville,42.8986791,-75.6401825,Cary,35.79154,-78.7811169,8.2,Customer Visit,$17.63 
6/28/16 20:13,6/28/16 20:33,Business,Cary,35.79154,-78.7811169,Durham,35.9940329,-78.898619,10.4,Meeting,$22.36 
6/28/16 23:34,6/28/16 23:59,Business,Durham,35.9940329,-78.898619,Cary,35.79154,-78.7811169,9.9,Meeting,$21.29 
6/28/16 23:34,6/28/16 23:59,Business,Durham,35.9940329,-78.898619,Cary,35.79154,-78.7811169,9.9,Meeting,$21.29 
6/29/16 20:11,6/29/16 20:29,Business,Cary,35.79154,-78.7811169,Durham,35.9940329,-78.898619,10.4,Meeting,$22.36 
6/29/16 23:38,6/30/16 0:00,Business,Durham,35.9940329,-78.898619,Cary,35.79154,-78.7811169,9.9,Meeting,$21.29 
6/30/16 20:09,6/30/16 20:26,Business,Cary,35.79154,-78.7811169,Durham,35.9940329,-78.898619,9.9,Meeting,$21.29 
7/1/16 0:00,7/1/16 0:25,Business,Durham,35.9940329,-78.898619,Cary,35.79154,-78.7811169,9.9,Meeting,$21.29 
7/1/16 9:34,7/1/16 9:57,Business,Cary,35.79154,-78.7811169,Raleigh,35.7795897,-78.6381787,13.3,Meeting,$28.60 
7/1/16 12:36,7/1/16 13:00,Business,Raleigh,35.7795897,-78.6381787,Cary,35.79154,-78.7811169,11.3,Meeting,$24.30 
7/1/16 20:06,7/1/16 20:24,Business,Cary,35.79154,-78.7811169,Durham,35.9940329,-78.898619,10.5,Meeting,$22.58 
7/1/16 23:48,7/2/16 0:09,Business,Durham,35.9940329,-78.898619,Cary,35.79154,-78.7811169,9.9,Meeting,$21.29 
7/2/16 20:18,7/2/16 20:36,Business,Cary,35.79154,-78.7811169,Durham,35.9940329,-78.898619,10.1,Meeting,$21.72 
7/2/16 23:48,7/3/16 0:12,Business,Durham,35.9940329,-78.898619,Cary,35.79154,-78.7811169,9.9,Meeting,$21.29 
7/3/16 0:28,7/3/16 0:38,Business,Cary,35.79154,-78.7811169,Morrisville,42.8986791,-75.6401825,3.1,Errand/Supplies,$6.67 
7/3/16 3:02,7/3/16 3:08,Business,Morrisville,42.8986791,-75.6401825,Cary,35.79154,-78.7811169,3.1,Errand/Supplies,$6.67 
7/3/16 20:00,7/3/16 20:18,Business,Cary,35.79154,-78.7811169,Durham,35.9940329,-78.898619,9.9,Meeting,$21.29 
7/4/16 0:32,7/4/16 0:47,Business,Durham,35.9940329,-78.898619,Cary,35.79154,-78.7811169,9.9,Meeting,$21.29 
7/4/16 17:31,7/4/16 17:49,Business,Whitebridge,57.204617,-4.507264,Summerwinds,34.6866323,-76.8931838,8.8,Meeting,$18.92 
7/4/16 18:23,7/4/16 18:49,Business,Summerwinds,34.6866323,-76.8931838,Whitebridge,57.204617,-4.507264,8.7,Temporary Site,$18.71 
7/4/16 20:00,7/4/16 20:17,Business,Cary,35.79154,-78.7811169,Durham,35.9940329,-78.898619,11.8,Meeting,$25.37 
7/5/16 0:00,7/5/16 0:05,Business,Parkwood,-32.0467591,115.9127011,Parkwood,-32.0467591,115.9127011,1.2,Errand/Supplies,$2.58 
7/5/16 0:08,7/5/16 0:28,Business,Durham,35.9940329,-78.898619,Cary,35.79154,-78.7811169,9.9,Meeting,$21.29 
7/5/16 16:48,7/5/16 16:52,Business,Whitebridge,57.204617,-4.507264,Whitebridge,57.204617,-4.507264,0.6,Errand/Supplies,$1.29 
7/6/16 0:33,7/6/16 0:53,Business,Morrisville,42.8986791,-75.6401825,Cary,35.79154,-78.7811169,6.3,Meal/Entertain,$13.55 
7/6/16 9:06,7/6/16 9:25,Business,Cary,35.79154,-78.7811169,Durham,35.9940329,-78.898619,9.9,Meeting,$21.29 
7/6/16 20:04,7/6/16 20:14,Business,Cary,35.79154,-78.7811169,Morrisville,42.8986791,-75.6401825,3.3,Meal/Entertain,$7.10 
7/6/16 23:46,7/6/16 23:59,Business,Morrisville,42.8986791,-75.6401825,Cary,35.79154,-78.7811169,3.1,Customer Visit,$6.67 
7/7/16 8:22,7/7/16 8:50,Business,Cary,35.79154,-78.7811169,Morrisville,42.8986791,-75.6401825,7.9,Temporary Site,$16.99 
7/14/16 16:03,7/14/16 16:34,Business,Morrisville,42.8986791,-75.6401825,Morrisville,42.8986791,-75.6401825,11.8,Errand/Supplies,$25.37 
7/16/16 22:50,7/16/16 23:03,Business,Banner Elk,36.1631817,-81.8715019,Banner Elk,36.1631817,-81.8715019,4.4,Errand/Supplies,$9.46 
7/17/16 11:23,7/17/16 11:50,Personal,Banner Elk,36.1631817,-81.8715019,Boone,36.216795,-81.6745517,15.1,Charity ($),$32.47 
7/17/16 12:20,7/17/16 15:25,Personal,Boone,36.216795,-81.6745517,Cary,35.79154,-78.7811169,180.2,Commute,$387.43 
7/18/16 10:37,7/18/16 10:49,Personal,Cary,35.79154,-78.7811169,Morrisville,42.8986791,-75.6401825,4.1,Moving,$8.82 
7/18/16 10:54,7/18/16 11:15,Personal,Morrisville,42.8986791,-75.6401825,Cary,35.79154,-78.7811169,6.1,Moving,$13.12 
7/18/16 11:25,7/18/16 11:36,Personal,Northwoods,,,Preston,53.763201,-2.70309,3.3,Moving,$7.10 
7/18/16 11:40,7/18/16 11:56,Personal,Preston,53.763201,-2.70309,Whitebridge,57.204617,-4.507264,4.7,Moving,$10.11 
7/18/16 17:12,7/18/16 17:33,Business,Cary,35.79154,-78.7811169,Apex,,,7.2,Meeting,$15.48 
7/18/16 18:32,7/18/16 18:47,Business,Apex,,,Cary,35.79154,-78.7811169,5.5,Meal/Entertain,$11.83 
7/18/16 19:07,7/18/16 19:14,Business,Cary,35.79154,-78.7811169,Morrisville,42.8986791,-75.6401825,3.3,Meal/Entertain,$7.10 
7/18/16 20:28,7/18/16 20:32,Business,Hazelwood,-25.7777598,28.2577787,Weston,26.1003654,-80.3997748,0.9,Errand/Supplies,$1.94 
7/18/16 21:11,7/18/16 21:19,Business,Morrisville,42.8986791,-75.6401825,Cary,35.79154,-78.7811169,3.8,Meal/Entertain,$8.17 
7/19/16 10:35,7/19/16 10:51,Business,Whitebridge,57.204617,-4.507264,Stonewater,40.9823202,-74.6108805,6.4,Customer Visit,$13.76 
7/19/16 10:56,7/19/16 11:11,Business,Stonewater,40.9823202,-74.6108805,Lexington Park at Amberly,35.8227393,-78.9129415,3,Meeting,$6.45 
7/19/16 11:30,7/19/16 12:00,Business,Lexington Park at Amberly,35.8227393,-78.9129415,Whitebridge,57.204617,-4.507264,8.7,Meal/Entertain,$18.71 
7/19/16 17:14,7/19/16 17:24,Business,Whitebridge,57.204617,-4.507264,Chessington,51.363583,-0.296254,3.9,Errand/Supplies,$8.39 
7/22/16 13:21,7/22/16 13:42,Business,Durham,35.9940329,-78.898619,Cary,35.79154,-78.7811169,9.9,Meeting,$21.29 
7/22/16 14:27,7/22/16 14:43,Business,Cary,35.79154,-78.7811169,Morrisville,42.8986791,-75.6401825,6.1,Meal/Entertain,$13.12 
7/23/16 20:17,7/23/16 20:33,Business,Cary,35.79154,-78.7811169,Durham,35.9940329,-78.898619,10.4,Meeting,$22.36 
7/23/16 23:18,7/23/16 23:43,Business,Durham,35.9940329,-78.898619,Cary,35.79154,-78.7811169,9.9,Meeting,$21.29 
7/26/16 20:52,7/26/16 21:00,Business,Cary,35.79154,-78.7811169,Morrisville,42.8986791,-75.6401825,2.5,Meal/Entertain,$5.38 
7/26/16 22:31,7/26/16 22:39,Business,Morrisville,42.8986791,-75.6401825,Cary,35.79154,-78.7811169,2.5,Meal/Entertain,$5.38 
7/29/16 17:27,7/29/16 17:45,Business,Westpark Place,41.6831878,-83.6269032,Whitebridge,57.204617,-4.507264,2.2,Meal/Entertain,$4.73 
8/2/16 8:11,8/2/16 8:32,Business,Cary,35.79154,-78.7811169,Morrisville,42.8986791,-75.6401825,8.4,Meeting,$18.06 
8/7/16 17:28,8/7/16 17:43,Business,Edgehill Farms,35.7834843,-78.8069507,Whitebridge,57.204617,-4.507264,2.7,Customer Visit,$5.81 
8/7/16 20:15,8/7/16 20:23,Business,Morrisville,42.8986791,-75.6401825,Cary,35.79154,-78.7811169,2.5,Meal/Entertain,$5.38 
8/8/16 17:02,8/8/16 17:13,Business,Edgehill Farms,35.7834843,-78.8069507,Whitebridge,57.204617,-4.507264,2.7,Customer Visit,$5.81 
8/8/16 23:28,8/8/16 23:37,Business,Morrisville,42.8986791,-75.6401825,Cary,35.79154,-78.7811169,3.2,Customer Visit,$6.88 
8/13/16 15:35,8/13/16 15:58,Business,Cary,35.79154,-78.7811169,Morrisville,42.8986791,-75.6401825,8.4,Meeting,$18.06 
10/16/16 12:52,10/16/16 13:11,Business,Cary,35.79154,-78.7811169,Durham,35.9940329,-78.898619,10.5,Meeting,$22.58 
10/16/16 19:27,10/16/16 19:33,Business,Whitebridge,57.204617,-4.507264,Parkway,,,2.1,Meeting,$4.52 
10/16/16 21:34,10/16/16 21:41,Business,Morrisville,42.8986791,-75.6401825,Cary,35.79154,-78.7811169,2.5,Meal/Entertain,$5.38 
10/18/16 10:41,10/18/16 11:09,Business,Cary,35.79154,-78.7811169,Morrisville,42.8986791,-75.6401825,7.9,Temporary Site,$16.99 
10/23/16 19:04,10/23/16 19:14,Business,Cary,35.79154,-78.7811169,Morrisville,42.8986791,-75.6401825,3.1,Meal/Entertain,$6.67 
10/23/16 21:10,10/23/16 21:25,Business,Morrisville,42.8986791,-75.6401825,Cary,35.79154,-78.7811169,3.1,Customer Visit,$6.67 
10/25/16 20:00,10/25/16 20:11,Business,Whitebridge,57.204617,-4.507264,Savon Height,35.7726514,-78.8011173,3.6,Meal/Entertain,$7.74 
10/25/16 22:24,10/25/16 22:45,Business,Parkway,,,Whitebridge,57.204617,-4.507264,8.7,Errand/Supplies,$18.71 
10/26/16 19:25,10/26/16 19:31,Business,Whitebridge,57.204617,-4.507264,Parkway,,,2.1,Meeting,$4.52 
10/27/16 18:51,10/27/16 19:16,Business,Cary,35.79154,-78.7811169,Morrisville,42.8986791,-75.6401825,8.4,Meeting,$18.06 
10/28/16 11:34,10/28/16 11:52,Business,Cary,35.79154,-78.7811169,Durham,35.9940329,-78.898619,10.4,Meeting,$22.36 
10/28/16 13:06,10/28/16 13:36,Business,Durham,35.9940329,-78.898619,Cary,35.79154,-78.7811169,9.9,Meeting,$21.29 
10/28/16 15:53,10/28/16 17:59,Business,Cary,35.79154,-78.7811169,Winston Salem,36.0998596,-80.244216,107,Meeting,$230.05 
10/28/16 18:13,10/28/16 20:07,Business,Winston Salem,36.0998596,-80.244216,Asheville,35.5950581,-82.5514869,133.6,Meeting,$287.24 
10/28/16 20:13,10/28/16 22:00,Business,Asheville,35.5950581,-82.5514869,Topton,40.5034284,-75.7013027,91.8,Meeting,$197.37 
10/29/16 15:22,10/29/16 17:05,Business,Topton,40.5034284,-75.7013027,Hayesville,35.0462003,-83.8179527,40.7,Meeting,$87.51 
10/31/16 21:45,10/31/16 22:10,Business,Savon Height,35.7726514,-78.8011173,Whitebridge,57.204617,-4.507264,9.6,Errand/Supplies,$20.64 
11/1/16 20:41,11/1/16 20:55,Business,Whitebridge,57.204617,-4.507264,Whitebridge,57.204617,-4.507264,4.2,Meal/Entertain,$9.03 
11/2/16 16:46,11/2/16 17:11,Business,Cary,35.79154,-78.7811169,Morrisville,42.8986791,-75.6401825,8.5,Meeting,$18.28 
11/3/16 18:51,11/3/16 19:08,Business,Cary,35.79154,-78.7811169,Morrisville,42.8986791,-75.6401825,3.1,Meal/Entertain,$6.67 
11/3/16 22:46,11/3/16 22:58,Business,Morrisville,42.8986791,-75.6401825,Cary,35.79154,-78.7811169,3.1,Customer Visit,$6.67 
11/4/16 10:02,11/4/16 10:18,Business,Cary,35.79154,-78.7811169,Morrisville,42.8986791,-75.6401825,7.9,Temporary Site,$16.99 
11/6/16 16:05,11/6/16 16:22,Business,Renaissance,,,Agnew,,,2.8,Meeting,$6.02 
11/6/16 16:27,11/6/16 17:28,Business,Santa Clara,37.3541079,-121.9552356,Berkeley,37.8715226,-122.273042,43.9,Customer Visit,$94.39 
11/7/16 12:28,11/7/16 12:57,Business,Berkeley,37.8715226,-122.273042,San Francisco,37.7749295,-122.4194155,11.8,Between Offices,$25.37 
11/7/16 19:17,11/7/16 19:57,Business,San Francisco,37.7749295,-122.4194155,Berkeley,37.8715226,-122.273042,13.2,Between Offices,$28.38 
11/8/16 10:29,11/8/16 10:57,Business,Berkeley,37.8715226,-122.273042,San Francisco,37.7749295,-122.4194155,12.2,Between Offices,$26.23 
11/8/16 12:16,11/8/16 12:49,Business,San Francisco,37.7749295,-122.4194155,Berkeley,37.8715226,-122.273042,11.3,Meeting,$24.30 
11/9/16 18:21,11/9/16 18:35,Business,Ingleside,27.8778026,-97.211657,Potrero Flats,,,5.5,Meeting,$11.83 
11/9/16 18:40,11/9/16 19:17,Business,San Francisco,37.7749295,-122.4194155,Oakland,37.8043514,-122.2711639,12.7,Customer Visit,$27.31 
11/10/16 9:46,11/10/16 10:15,Business,Berkeley,37.8715226,-122.273042,San Francisco,37.7749295,-122.4194155,12.6,Temporary Site,$27.09 
11/10/16 15:17,11/10/16 15:22,Business,San Francisco,37.7749295,-122.4194155,Oakland,37.8043514,-122.2711639,9.9,Temporary Site,$21.29 
11/10/16 15:30,11/10/16 15:53,Business,Oakland,37.8043514,-122.2711639,Berkeley,37.8715226,-122.273042,6,Meeting,$12.90 
11/11/16 9:35,11/11/16 10:23,Business,Berkeley,37.8715226,-122.273042,Menlo Park,37.4529598,-122.1817252,45.9,Customer Visit,$98.69 
11/11/16 14:39,11/11/16 15:46,Business,Menlo Park,37.4529598,-122.1817252,Berkeley,37.8715226,-122.273042,36.6,Customer Visit,$78.69 
11/12/16 14:22,11/12/16 14:53,Business,West Berkeley,37.8743703,-122.2985808,South,12.2601557,77.1461396,5.9,Meeting,$12.69 
11/12/16 15:40,11/12/16 15:59,Business,Emeryville,37.8395028,-122.2892278,Berkeley,37.8715226,-122.273042,3.7,Errand/Supplies,$7.96 
11/13/16 12:22,11/13/16 12:51,Business,West Berkeley,37.8743703,-122.2985808,Southside,,,4,Meeting,$8.60 
11/14/16 11:24,11/14/16 12:13,Business,Berkeley,37.8715226,-122.273042,Mountain View,37.3860517,-122.0838511,44.6,Customer Visit,$95.89 
11/14/16 13:40,11/14/16 14:33,Business,Mountain View,37.3860517,-122.0838511,Berkeley,37.8715226,-122.273042,43.6,Customer Visit,$93.74 
11/14/16 20:19,11/14/16 20:30,Business,Emeryville,37.8395028,-122.2892278,Berkeley,37.8715226,-122.273042,3.7,Errand/Supplies,$7.96 
11/15/16 14:09,11/15/16 14:26,Business,Oakland,37.8043514,-122.2711639,San Francisco,37.7749295,-122.4194155,9.7,Temporary Site,$20.86 
11/15/16 20:44,11/15/16 21:00,Business,San Francisco,37.7749295,-122.4194155,Berkeley,37.8715226,-122.273042,11.8,Temporary Site,$25.37 
11/16/16 20:21,11/16/16 20:27,Business,Berkeley,37.8715226,-122.273042,El Cerrito,37.9161326,-122.310765,2.3,Temporary Site,$4.95 
11/16/16 22:52,11/16/16 23:02,Business,El Cerrito,37.9161326,-122.310765,Berkeley,37.8715226,-122.273042,3.1,Meal/Entertain,$6.67 
11/17/16 10:13,11/17/16 10:44,Business,Berkeley,37.8715226,-122.273042,Oakland,37.8043514,-122.2711639,16.3,Customer Visit,$35.05 
11/18/16 20:09,11/18/16 20:19,Business,Cary,35.79154,-78.7811169,Morrisville,42.8986791,-75.6401825,3.1,Meal/Entertain,$6.67 
11/18/16 21:23,11/18/16 21:34,Business,Morrisville,42.8986791,-75.6401825,Cary,35.79154,-78.7811169,5.2,Meal/Entertain,$11.18 
11/18/16 21:56,11/18/16 22:21,Business,Krendle Woods,35.7857477,-78.7846318,Whitebridge,57.204617,-4.507264,6.1,Meeting,$13.12 
11/19/16 13:51,11/19/16 14:10,Business,Cary,35.79154,-78.7811169,Durham,35.9940329,-78.898619,10.3,Meeting,$22.15 
11/19/16 14:30,11/19/16 14:51,Business,Durham,35.9940329,-78.898619,Cary,35.79154,-78.7811169,10.5,Meeting,$22.58 
11/19/16 17:41,11/19/16 17:54,Business,Cary,35.79154,-78.7811169,Apex,,,5.4,Errand/Supplies,$11.61 
11/19/16 21:14,11/19/16 21:35,Business,Apex,,,Cary,35.79154,-78.7811169,5.4,Customer Visit,$11.61 
11/20/16 10:27,11/20/16 11:32,Business,Cary,35.79154,-78.7811169,Cary,35.79154,-78.7811169,39.2,Between Offices,$84.28 
11/20/16 11:58,11/20/16 12:28,Business,Cary,35.79154,-78.7811169,Cary,35.79154,-78.7811169,6.4,Customer Visit,$13.76 
11/20/16 14:58,11/20/16 15:07,Business,Cary,35.79154,-78.7811169,Cary,35.79154,-78.7811169,2.7,Meeting,$5.81 
11/20/16 17:45,11/20/16 18:37,Business,Cary,35.79154,-78.7811169,Cary,35.79154,-78.7811169,18.5,Errand/Supplies,$39.78 
11/21/16 13:37,11/21/16 13:49,Business,Cary,35.79154,-78.7811169,Cary,35.79154,-78.7811169,2.5,Meal/Entertain,$5.38 
11/21/16 14:34,11/21/16 14:44,Business,Cary,35.79154,-78.7811169,Cary,35.79154,-78.7811169,2.1,Meal/Entertain,$4.52 
11/21/16 18:43,11/21/16 18:51,Business,Morrisville,42.8986791,-75.6401825,Cary,35.79154,-78.7811169,3.4,Errand/Supplies,$7.31 
11/22/16 15:12,11/22/16 15:27,Business,Cary,35.79154,-78.7811169,Cary,35.79154,-78.7811169,5.5,Meeting,$11.83 
11/22/16 15:31,11/22/16 15:44,Business,Cary,35.79154,-78.7811169,Cary,35.79154,-78.7811169,4.1,Meeting,$8.82 
11/22/16 15:51,11/22/16 16:43,Business,Cary,35.79154,-78.7811169,Cary,35.79154,-78.7811169,12.7,Customer Visit,$27.31 
11/22/16 18:18,11/22/16 18:28,Business,Cary,35.79154,-78.7811169,Morrisville,42.8986791,-75.6401825,3,Meal/Entertain,$6.45 
11/22/16 21:02,11/22/16 21:14,Business,Morrisville,42.8986791,-75.6401825,Cary,35.79154,-78.7811169,3.5,Customer Visit,$7.53 
11/23/16 15:34,11/23/16 15:50,Business,Cary,35.79154,-78.7811169,Cary,35.79154,-78.7811169,5.9,Meal/Entertain,$12.69 
11/25/16 11:47,11/25/16 12:04,Business,Cary,35.79154,-78.7811169,Durham,35.9940329,-78.898619,10.3,Meeting,$22.15 
11/25/16 13:13,11/25/16 13:31,Business,Durham,35.9940329,-78.898619,Cary,35.79154,-78.7811169,11.1,Meeting,$23.87 
11/26/16 17:00,11/26/16 17:12,Business,Cary,35.79154,-78.7811169,Apex,,,5.1,Meeting,$10.97 
11/26/16 17:36,11/26/16 17:56,Business,Apex,,,Holly Springs,35.6512655,-78.8336218,9,Meeting,$19.35 
11/26/16 18:29,11/26/16 19:04,Business,Holly Springs,35.6512655,-78.8336218,Cary,35.79154,-78.7811169,13.3,Between Offices,$28.60 
11/26/16 19:47,11/26/16 19:54,Business,Cary,35.79154,-78.7811169,Cary,35.79154,-78.7811169,2.5,Errand/Supplies,$5.38 
11/27/16 15:59,11/27/16 16:06,Business,Cary,35.79154,-78.7811169,Morrisville,42.8986791,-75.6401825,3.3,Meal/Entertain,$7.10 
11/30/16 11:03,11/30/16 11:34,Business,Cary,35.79154,-78.7811169,Raleigh,35.7795897,-78.6381787,8.5,Customer Visit,$18.28 
11/30/16 11:53,11/30/16 12:35,Business,Raleigh,35.7795897,-78.6381787,Morrisville,42.8986791,-75.6401825,6.7,Temporary Site,$14.41 
12/1/16 7:44,12/1/16 7:59,Business,Cary,35.79154,-78.7811169,Cary,35.79154,-78.7811169,5.5,Meeting,$11.83 
12/1/16 8:37,12/1/16 8:53,Business,Cary,35.79154,-78.7811169,Cary,35.79154,-78.7811169,5.5,Errand/Supplies,$11.83 
12/1/16 18:00,12/1/16 18:12,Business,Cary,35.79154,-78.7811169,Morrisville,42.8986791,-75.6401825,2.9,Meal/Entertain,$6.24 
12/1/16 20:36,12/1/16 20:46,Business,Morrisville,42.8986791,-75.6401825,Cary,35.79154,-78.7811169,2.9,Customer Visit,$6.24 
12/2/16 12:12,12/2/16 12:23,Business,Cary,35.79154,-78.7811169,Apex,,,5.1,Meal/Entertain,$10.97 
12/2/16 13:07,12/2/16 13:22,Business,Apex,,,Cary,35.79154,-78.7811169,5.3,Customer Visit,$11.40 
12/2/16 20:41,12/2/16 20:48,Business,Cary,35.79154,-78.7811169,Morrisville,42.8986791,-75.6401825,3.3,Meal/Entertain,$7.10 
12/2/16 22:59,12/2/16 23:07,Business,Morrisville,42.8986791,-75.6401825,Cary,35.79154,-78.7811169,3,Customer Visit,$6.45 
12/3/16 18:35,12/3/16 18:56,Business,Cary,35.79154,-78.7811169,Wake Co.,35.8031909,-78.5660852,6.6,Errand/Supplies,$14.19 
12/3/16 20:31,12/3/16 20:41,Business,Morrisville,42.8986791,-75.6401825,Cary,35.79154,-78.7811169,3,Customer Visit,$6.45 
12/4/16 18:56,12/4/16 19:03,Business,Cary,35.79154,-78.7811169,Morrisville,42.8986791,-75.6401825,2.9,Meal/Entertain,$6.24 
12/4/16 20:23,12/4/16 20:34,Business,Morrisville,42.8986791,-75.6401825,Cary,35.79154,-78.7811169,3.4,Customer Visit,$7.31 
12/5/16 19:22,12/5/16 19:37,Business,Cary,35.79154,-78.7811169,Cary,35.79154,-78.7811169,3.8,Meal/Entertain,$8.17 
12/7/16 12:03,12/7/16 12:32,Business,Cary,35.79154,-78.7811169,Cary,35.79154,-78.7811169,6.6,Meeting,$14.19 
12/7/16 12:35,12/7/16 12:46,Business,Cary,35.79154,-78.7811169,Cary,35.79154,-78.7811169,4,Meeting,$8.60 
12/7/16 19:53,12/7/16 20:13,Business,Cary,35.79154,-78.7811169,Cary,35.79154,-78.7811169,7,Customer Visit,$15.05 
12/7/16 21:13,12/7/16 21:50,Business,Cary,35.79154,-78.7811169,Cary,35.79154,-78.7811169,6.9,Meal/Entertain,$14.84 
12/8/16 14:19,12/8/16 14:32,Business,Cary,35.79154,-78.7811169,Cary,35.79154,-78.7811169,3.4,Errand/Supplies,$7.31 
12/8/16 14:53,12/8/16 15:02,Business,Cary,35.79154,-78.7811169,Cary,35.79154,-78.7811169,3.4,Errand/Supplies,$7.31 
12/8/16 19:22,12/8/16 19:27,Business,Cary,35.79154,-78.7811169,Cary,35.79154,-78.7811169,2,Meeting,$4.30 
12/8/16 21:26,12/8/16 21:31,Business,Cary,35.79154,-78.7811169,Cary,35.79154,-78.7811169,2,Errand/Supplies,$4.30 
12/9/16 12:09,12/9/16 12:24,Business,Cary,35.79154,-78.7811169,Apex,,,5.1,Errand/Supplies,$10.97 
12/9/16 13:15,12/9/16 13:43,Business,Apex,,,Cary,35.79154,-78.7811169,8.8,Temporary Site,$18.92 
12/9/16 20:11,12/9/16 20:34,Business,Cary,35.79154,-78.7811169,Cary,35.79154,-78.7811169,5.6,Meeting,$12.04 
12/9/16 22:03,12/9/16 22:57,Business,Cary,35.79154,-78.7811169,Cary,35.79154,-78.7811169,18.9,Customer Visit,$40.64 
12/10/16 12:43,12/10/16 13:16,Business,Cary,35.79154,-78.7811169,Fuquay-Varina,35.5843235,-78.8000128,15.6,Meeting,$33.54 
12/10/16 14:42,12/10/16 15:18,Business,Fuquay-Varina,35.5843235,-78.8000128,Cary,35.79154,-78.7811169,15.6,Errand/Supplies,$33.54 
12/10/16 18:17,12/10/16 18:27,Business,Cary,35.79154,-78.7811169,Morrisville,42.8986791,-75.6401825,3,Meal/Entertain,$6.45 
12/10/16 22:09,12/10/16 22:21,Business,Morrisville,42.8986791,-75.6401825,Cary,35.79154,-78.7811169,3.1,Customer Visit,$6.67 
12/11/16 16:06,12/11/16 16:16,Business,Cary,35.79154,-78.7811169,Morrisville,42.8986791,-75.6401825,3,Meal/Entertain,$6.45 
12/11/16 19:05,12/11/16 19:15,Business,Morrisville,42.8986791,-75.6401825,Cary,35.79154,-78.7811169,4.8,Errand/Supplies,$10.32 
12/11/16 21:48,12/11/16 21:56,Business,Cary,35.79154,-78.7811169,Cary,35.79154,-78.7811169,2.1,Errand/Supplies,$4.52 
12/12/16 13:22,12/12/16 13:32,Business,Cary,35.79154,-78.7811169,Cary,35.79154,-78.7811169,3.1,Errand/Supplies,$6.67 
12/12/16 13:36,12/12/16 13:51,Business,Cary,35.79154,-78.7811169,Apex,,,4.4,Meal/Entertain,$9.46 
12/12/16 14:26,12/12/16 14:39,Business,Apex,,,Cary,35.79154,-78.7811169,4.7,Customer Visit,$10.11 
12/12/16 17:51,12/12/16 18:01,Business,Cary,35.79154,-78.7811169,Morrisville,42.8986791,-75.6401825,3,Meal/Entertain,$6.45 
12/12/16 20:48,12/12/16 20:57,Business,Morrisville,42.8986791,-75.6401825,Cary,35.79154,-78.7811169,3,Customer Visit,$6.45 
12/13/16 18:19,12/13/16 18:29,Business,Cary,35.79154,-78.7811169,Cary,35.79154,-78.7811169,4.2,Errand/Supplies,$9.03 
12/13/16 20:20,12/13/16 20:29,Business,Cary,35.79154,-78.7811169,Cary,35.79154,-78.7811169,4.1,Meal/Entertain,$8.82 
12/14/16 17:50,12/14/16 18:00,Business,Cary,35.79154,-78.7811169,Morrisville,42.8986791,-75.6401825,3,Meal/Entertain,$6.45 
12/14/16 20:24,12/14/16 20:40,Business,Morrisville,42.8986791,-75.6401825,Cary,35.79154,-78.7811169,3.1,Customer Visit,$6.67 
12/15/16 14:20,12/15/16 14:54,Business,Cary,35.79154,-78.7811169,Morrisville,42.8986791,-75.6401825,10.6,Meeting,$22.79 
12/19/16 10:15,12/19/16 10:34,Business,Islamabad,33.6844202,73.0478848,Rawalpindi,33.5651107,73.0169135,5.9,Temporary Site,$12.69 
12/19/16 16:50,12/19/16 17:09,Business,Rawalpindi,33.5651107,73.0169135,Islamabad,33.6844202,73.0478848,7.2,Customer Visit,$15.48 
12/20/16 10:30,12/20/16 10:48,Business,Rawalpindi,33.5651107,73.0169135,Rawalpindi,33.5651107,73.0169135,3.3,Errand/Supplies,$7.10 
12/20/16 16:14,12/20/16 16:24,Business,Islamabad,33.6844202,73.0478848,Islamabad,33.6844202,73.0478848,1.8,Errand/Supplies,$3.87 
12/20/16 16:56,12/20/16 17:07,Business,Islamabad,33.6844202,73.0478848,Islamabad,33.6844202,73.0478848,1.4,Errand/Supplies,$3.01 
12/21/16 17:45,12/21/16 17:54,Business,Islamabad,33.6844202,73.0478848,Islamabad,33.6844202,73.0478848,2.1,Meeting,$4.52 
12/22/16 21:41,12/22/16 21:53,Business,Lahore,31.5203696,74.3587473,Lahore,31.5203696,74.3587473,2.1,Meal/Entertain,$4.52 
12/22/16 23:27,12/22/16 23:32,Business,Lahore,31.5203696,74.3587473,Lahore,31.5203696,74.3587473,2.1,Customer Visit,$4.52 
12/23/16 9:21,12/23/16 9:41,Business,Lahore,31.5203696,74.3587473,Lahore,31.5203696,74.3587473,3,Meeting,$6.45 
12/24/16 10:34,12/24/16 10:53,Business,Lahore,31.5203696,74.3587473,Lahore,31.5203696,74.3587473,5.3,Meal/Entertain,$11.40 
12/24/16 12:51,12/24/16 12:53,Business,Lahore,31.5203696,74.3587473,Lahore,31.5203696,74.3587473,1.6,Errand/Supplies,$3.44 
12/24/16 13:08,12/24/16 13:29,Business,Lahore,31.5203696,74.3587473,Lahore,31.5203696,74.3587473,3.6,Errand/Supplies,$7.74 
12/24/16 17:12,12/24/16 17:27,Business,Lahore,31.5203696,74.3587473,Lahore,31.5203696,74.3587473,1.7,Errand/Supplies,$3.66 
12/24/16 19:12,12/24/16 19:27,Business,Lahore,31.5203696,74.3587473,Lahore,31.5203696,74.3587473,2.9,Meal/Entertain,$6.24 
12/24/16 22:04,12/24/16 22:09,Business,Lahore,31.5203696,74.3587473,Lahore,31.5203696,74.3587473,0.6,Errand/Supplies,$1.29 
12/25/16 0:10,12/25/16 0:14,Business,Lahore,31.5203696,74.3587473,Lahore,31.5203696,74.3587473,0.6,Errand/Supplies,$1.29 
12/25/16 19:15,12/25/16 19:26,Business,Lahore,31.5203696,74.3587473,Lahore,31.5203696,74.3587473,2.3,Meal/Entertain,$4.95 
12/25/16 21:58,12/25/16 22:04,Business,Lahore,31.5203696,74.3587473,Lahore,31.5203696,74.3587473,2.3,Meal/Entertain,$4.95 
12/26/16 8:30,12/26/16 8:41,Business,Lahore,31.5203696,74.3587473,Lahore,31.5203696,74.3587473,3.2,Meal/Entertain,$6.88 
12/26/16 9:05,12/26/16 9:19,Business,Lahore,31.5203696,74.3587473,Lahore,31.5203696,74.3587473,6.2,Customer Visit,$13.33 
12/26/16 10:15,12/26/16 10:36,Business,Lahore,31.5203696,74.3587473,Lahore,31.5203696,74.3587473,7.7,Customer Visit,$16.56 
12/26/16 11:29,12/26/16 11:42,Business,Lahore,31.5203696,74.3587473,Lahore,31.5203696,74.3587473,3.8,Customer Visit,$8.17 
12/27/16 7:02,12/27/16 7:14,Business,Karchi,24.8607343,67.0011364,Karchi,24.8607343,67.0011364,4.9,Temporary Site,$10.54 
12/27/16 8:37,12/27/16 8:59,Business,Karchi,24.8607343,67.0011364,Karchi,24.8607343,67.0011364,5,Meal/Entertain,$10.75 
12/27/16 12:53,12/27/16 12:57,Business,Karchi,24.8607343,67.0011364,Karchi,24.8607343,67.0011364,0.6,Meal/Entertain,$1.29 
12/27/16 19:19,12/27/16 19:50,Business,Karchi,24.8607343,67.0011364,Karchi,24.8607343,67.0011364,5.5,Customer Visit,$11.83 
12/28/16 13:53,12/28/16 14:01,Business,Karchi,24.8607343,67.0011364,Karchi,24.8607343,67.0011364,2,Errand/Supplies,$4.30 
12/28/16 18:33,12/28/16 18:56,Business,Karchi,24.8607343,67.0011364,Karchi,24.8607343,67.0011364,3.8,Errand/Supplies,$8.17 
12/28/16 22:44,12/28/16 23:18,Business,Karchi,24.8607343,67.0011364,Karchi,24.8607343,67.0011364,5.1,Errand/Supplies,$10.97 
12/29/16 0:49,12/29/16 1:06,Business,Karchi,24.8607343,67.0011364,Karchi,24.8607343,67.0011364,3.8,Errand/Supplies,$8.17 
12/29/16 12:25,12/29/16 12:33,Business,Karchi,24.8607343,67.0011364,Karchi,24.8607343,67.0011364,1.4,Errand/Supplies,$3.01 
12/29/16 13:17,12/29/16 13:24,Business,Karchi,24.8607343,67.0011364,Karchi,24.8607343,67.0011364,1.1,Errand/Supplies,$2.37 
12/29/16 13:56,12/29/16 14:11,Business,Karchi,24.8607343,67.0011364,Karchi,24.8607343,67.0011364,4.1,Airport/Travel,$8.82 
12/29/16 14:42,12/29/16 14:58,Business,Karchi,24.8607343,67.0011364,Karchi,24.8607343,67.0011364,6.1,Between Offices,$13.12 
12/29/16 15:05,12/29/16 15:16,Business,Karchi,24.8607343,67.0011364,Karchi,24.8607343,67.0011364,1.3,Errand/Supplies,$2.80 
12/29/16 20:15,12/29/16 20:45,Business,Karchi,24.8607343,67.0011364,Karchi,24.8607343,67.0011364,7.2,Meeting,$15.48 
12/30/16 10:15,12/30/16 10:33,Business,Karchi,24.8607343,67.0011364,Karchi,24.8607343,67.0011364,2.8,Errand/Supplies,$6.02 
12/30/16 11:31,12/30/16 11:56,Business,Karchi,24.8607343,67.0011364,Karchi,24.8607343,67.0011364,2.9,Errand/Supplies,$6.24 
12/30/16 15:41,12/30/16 16:03,Business,Karchi,24.8607343,67.0011364,Karchi,24.8607343,67.0011364,4.6,Errand/Supplies,$9.89 
12/30/16 16:45,12/30/16 17:08,Business,Karchi,24.8607343,67.0011364,Karchi,24.8607343,67.0011364,4.6,Meeting,$9.89 
12/30/16 23:06,12/30/16 23:10,Business,Karchi,24.8607343,67.0011364,Karchi,24.8607343,67.0011364,0.8,Customer Visit,$1.72 
12/31/16 1:07,12/31/16 1:14,Business,Karchi,24.8607343,67.0011364,Karchi,24.8607343,67.0011364,0.7,Meeting,$1.51 
12/31/16 21:32,12/31/16 21:50,Business,Katunayake,7.1724849,79.8853484,Gampaha,7.0840484,80.0098314,6.4,Temporary Site,$13.76 
12/31/16 22:08,12/31/16 23:51,Business,Gampaha,7.0840484,80.0098314,Ilukwatta,7.2595221,80.545234,48.2,Temporary Site,$103.63 